date,product,demand,lead_time_days,material_available,supplier_delay,machine_capacity,machine_downtime,labor_available,absenteeism,effective_labor,effective_capacity,effective_material,month,day_of_week,lag_1,lag_7
2023-01-08,Headphones,145,4,136,0,172,0,117,0,117.0,172.0,136.0,1,6,145.0,153.0
2023-01-09,Headphones,147,6,209,0,248,0,95,0,95.0,248.0,209.0,1,0,145.0,132.0
2023-01-10,Headphones,150,6,160,1,154,1,101,0,101.0,107.8,96.0,1,1,147.0,149.0
2023-01-11,Headphones,167,4,222,0,188,0,137,0,137.0,188.0,222.0,1,2,150.0,142.0
2023-01-12,Headphones,161,3,136,0,220,1,163,1,130.4,154.0,136.0,1,3,167.0,163.0
2023-01-13,Headphones,173,4,132,0,154,0,160,0,160.0,154.0,132.0,1,4,161.0,145.0
2023-01-14,Headphones,162,7,106,0,226,0,167,1,133.6,226.0,106.0,1,5,173.0,145.0
2023-01-15,Headphones,161,9,111,1,222,0,156,0,156.0,222.0,66.6,1,6,162.0,145.0
2023-01-16,Headphones,163,3,162,0,178,0,108,0,108.0,178.0,162.0,1,0,161.0,147.0
2023-01-17,Headphones,178,3,217,0,131,0,143,1,114.4,131.0,217.0,1,1,163.0,150.0
2023-01-18,Headphones,166,7,157,1,219,1,122,0,122.0,153.29999999999998,94.2,1,2,178.0,167.0
2023-01-19,Headphones,162,4,180,0,201,0,140,0,140.0,201.0,180.0,1,3,166.0,161.0
2023-01-20,Headphones,185,3,163,0,139,1,113,0,113.0,97.3,163.0,1,4,162.0,173.0
2023-01-21,Headphones,174,7,192,1,237,1,159,0,159.0,165.89999999999998,115.19999999999999,1,5,185.0,162.0
2023-01-22,Headphones,181,2,162,0,149,0,133,0,133.0,149.0,162.0,1,6,174.0,161.0
2023-01-23,Headphones,158,10,131,1,160,0,157,0,157.0,160.0,78.6,1,0,181.0,163.0
2023-01-24,Headphones,172,7,185,0,193,0,145,0,145.0,193.0,185.0,1,1,158.0,178.0
2023-01-25,Headphones,166,6,205,1,245,1,108,0,108.0,171.5,123.0,1,2,172.0,166.0
2023-01-26,Headphones,186,6,191,1,165,0,100,1,80.0,165.0,114.6,1,3,166.0,162.0
2023-01-27,Headphones,169,3,113,0,139,0,101,0,101.0,139.0,113.0,1,4,186.0,185.0
2023-01-28,Headphones,170,9,131,1,247,0,114,0,114.0,247.0,78.6,1,5,169.0,174.0
2023-01-29,Headphones,170,7,196,0,225,0,92,0,92.0,225.0,196.0,1,6,170.0,181.0
2023-01-30,Headphones,162,5,216,1,149,1,112,0,112.0,104.3,129.6,1,0,170.0,158.0
2023-01-31,Headphones,173,3,139,0,191,0,131,0,131.0,191.0,139.0,1,1,162.0,172.0
2023-02-01,Headphones,161,2,161,0,170,0,129,0,129.0,170.0,161.0,2,2,173.0,166.0
2023-02-02,Headphones,161,6,104,0,154,0,100,0,100.0,154.0,104.0,2,3,161.0,186.0
2023-02-03,Headphones,180,5,232,1,213,0,116,0,116.0,213.0,139.2,2,4,161.0,169.0
2023-02-04,Headphones,160,7,207,0,143,0,102,0,102.0,143.0,207.0,2,5,180.0,170.0
2023-02-05,Headphones,162,2,111,0,183,0,136,0,136.0,183.0,111.0,2,6,160.0,170.0
2023-02-06,Headphones,163,3,223,0,167,0,110,0,110.0,167.0,223.0,2,0,162.0,162.0
2023-02-07,Headphones,169,3,235,0,163,0,120,0,120.0,163.0,235.0,2,1,163.0,173.0
2023-02-08,Headphones,179,2,189,0,130,0,126,0,126.0,130.0,189.0,2,2,169.0,161.0
2023-02-09,Headphones,176,7,231,0,240,0,178,0,178.0,240.0,231.0,2,3,179.0,161.0
2023-02-10,Headphones,158,3,242,0,180,0,149,0,149.0,180.0,242.0,2,4,176.0,180.0
2023-02-11,Headphones,170,5,102,1,167,0,118,0,118.0,167.0,61.199999999999996,2,5,158.0,160.0
2023-02-12,Headphones,165,6,207,1,188,0,179,0,179.0,188.0,124.19999999999999,2,6,170.0,162.0
2023-02-13,Headphones,174,3,177,0,247,0,172,1,137.6,247.0,177.0,2,0,165.0,163.0
2023-02-14,Headphones,158,10,106,1,123,0,176,0,176.0,123.0,63.599999999999994,2,1,174.0,169.0
2023-02-15,Headphones,151,4,240,0,142,0,148,0,148.0,142.0,240.0,2,2,158.0,179.0
2023-02-16,Headphones,150,5,190,1,137,0,168,0,168.0,137.0,114.0,2,3,151.0,176.0
2023-02-17,Headphones,162,9,249,1,204,0,106,0,106.0,204.0,149.4,2,4,150.0,158.0
2023-02-18,Headphones,149,7,224,0,140,1,100,0,100.0,98.0,224.0,2,5,162.0,170.0
2023-02-19,Headphones,160,2,230,0,222,0,158,0,158.0,222.0,230.0,2,6,149.0,165.0
2023-02-20,Headphones,137,6,166,1,150,0,103,0,103.0,150.0,99.6,2,0,160.0,174.0
2023-02-21,Headphones,148,7,143,0,151,0,161,0,161.0,151.0,143.0,2,1,137.0,158.0
2023-02-22,Headphones,138,5,102,0,172,0,105,0,105.0,172.0,102.0,2,2,148.0,151.0
2023-02-23,Headphones,153,3,131,0,148,0,145,0,145.0,148.0,131.0,2,3,138.0,150.0
2023-02-24,Headphones,157,10,154,1,194,0,137,0,137.0,194.0,92.39999999999999,2,4,153.0,162.0
2023-02-25,Headphones,143,5,113,0,197,0,125,0,125.0,197.0,113.0,2,5,157.0,149.0
2023-02-26,Headphones,132,7,164,0,235,0,127,0,127.0,235.0,164.0,2,6,143.0,160.0
2023-02-27,Headphones,149,6,111,0,220,0,151,0,151.0,220.0,111.0,2,0,132.0,137.0
2023-02-28,Headphones,149,4,104,0,131,0,99,0,99.0,131.0,104.0,2,1,149.0,148.0
2023-03-01,Headphones,150,5,196,0,207,0,118,0,118.0,207.0,196.0,3,2,149.0,138.0
2023-03-02,Headphones,126,7,113,0,226,0,133,0,133.0,226.0,113.0,3,3,150.0,153.0
2023-03-03,Headphones,146,2,112,0,237,0,102,0,102.0,237.0,112.0,3,4,126.0,157.0
2023-03-04,Headphones,146,5,181,0,126,0,171,0,171.0,126.0,181.0,3,5,146.0,143.0
2023-03-05,Headphones,142,6,196,0,126,0,169,1,135.20000000000002,126.0,196.0,3,6,146.0,132.0
2023-03-06,Headphones,130,2,186,0,126,0,146,0,146.0,126.0,186.0,3,0,142.0,149.0
2023-03-07,Headphones,137,7,234,1,144,0,159,0,159.0,144.0,140.4,3,1,130.0,149.0
2023-03-08,Headphones,143,2,172,0,147,0,137,0,137.0,147.0,172.0,3,2,137.0,150.0
2023-03-09,Headphones,136,8,190,1,242,0,122,0,122.0,242.0,114.0,3,3,143.0,126.0
2023-03-10,Headphones,130,3,213,0,120,0,120,0,120.0,120.0,213.0,3,4,136.0,146.0
2023-03-11,Headphones,142,6,248,1,239,0,161,0,161.0,239.0,148.79999999999998,3,5,130.0,146.0
2023-03-12,Headphones,131,6,101,0,168,0,151,0,151.0,168.0,101.0,3,6,142.0,142.0
2023-03-13,Headphones,132,7,138,0,229,0,115,0,115.0,229.0,138.0,3,0,131.0,130.0
2023-03-14,Headphones,142,3,197,0,240,0,111,0,111.0,240.0,197.0,3,1,132.0,137.0
2023-03-15,Headphones,148,8,113,1,130,0,157,0,157.0,130.0,67.8,3,2,142.0,143.0
2023-03-16,Headphones,144,10,136,1,154,0,127,0,127.0,154.0,81.6,3,3,148.0,136.0
2023-03-17,Headphones,150,6,179,0,222,0,90,0,90.0,222.0,179.0,3,4,144.0,130.0
2023-03-18,Headphones,134,5,129,0,238,0,141,0,141.0,238.0,129.0,3,5,150.0,142.0
2023-03-19,Headphones,129,8,217,1,231,0,145,0,145.0,231.0,130.2,3,6,134.0,131.0
2023-03-20,Headphones,147,2,160,0,218,1,97,0,97.0,152.6,160.0,3,0,129.0,132.0
2023-03-21,Headphones,153,4,168,0,171,0,116,0,116.0,171.0,168.0,3,1,147.0,142.0
2023-03-22,Headphones,155,8,169,1,233,1,175,0,175.0,163.1,101.39999999999999,3,2,153.0,148.0
2023-03-23,Headphones,141,5,234,0,198,0,94,0,94.0,198.0,234.0,3,3,155.0,144.0
2023-03-24,Headphones,138,3,206,0,208,0,170,1,136.0,208.0,206.0,3,4,141.0,150.0
2023-03-25,Headphones,135,9,230,1,165,0,96,0,96.0,165.0,138.0,3,5,138.0,134.0
2023-03-26,Headphones,142,2,180,0,153,0,127,0,127.0,153.0,180.0,3,6,135.0,129.0
2023-03-27,Headphones,155,5,165,1,227,1,136,0,136.0,158.89999999999998,99.0,3,0,142.0,147.0
2023-03-28,Headphones,165,6,119,0,130,0,132,0,132.0,130.0,119.0,3,1,155.0,153.0
2023-03-29,Headphones,142,5,165,1,201,0,146,0,146.0,201.0,99.0,3,2,165.0,155.0
2023-03-30,Headphones,169,4,111,0,190,0,149,1,119.2,190.0,111.0,3,3,142.0,141.0
2023-03-31,Headphones,161,4,208,0,212,0,91,0,91.0,212.0,208.0,3,4,169.0,138.0
2023-04-01,Headphones,157,10,118,1,153,0,132,0,132.0,153.0,70.8,4,5,161.0,135.0
2023-04-02,Headphones,174,6,158,1,194,0,148,0,148.0,194.0,94.8,4,6,157.0,142.0
2023-04-03,Headphones,161,6,233,1,160,1,92,0,92.0,112.0,139.79999999999998,4,0,174.0,155.0
2023-04-04,Headphones,178,3,133,0,187,0,132,0,132.0,187.0,133.0,4,1,161.0,165.0
2023-04-05,Headphones,172,3,165,0,211,0,90,0,90.0,211.0,165.0,4,2,178.0,142.0
2023-04-06,Headphones,177,4,156,0,172,0,105,0,105.0,172.0,156.0,4,3,172.0,169.0
2023-04-07,Headphones,181,4,190,0,133,0,164,0,164.0,133.0,190.0,4,4,177.0,161.0
2023-04-08,Headphones,184,7,201,0,198,1,144,0,144.0,138.6,201.0,4,5,181.0,157.0
2023-04-09,Headphones,168,8,118,1,186,0,117,0,117.0,186.0,70.8,4,6,184.0,174.0
2023-04-10,Headphones,183,4,177,0,176,1,162,0,162.0,123.19999999999999,177.0,4,0,168.0,161.0
2023-04-11,Headphones,171,10,111,1,156,0,111,1,88.80000000000001,156.0,66.6,4,1,183.0,178.0
2023-04-12,Headphones,188,5,175,0,225,0,138,0,138.0,225.0,175.0,4,2,171.0,172.0
2023-04-13,Headphones,192,5,127,0,152,1,128,0,128.0,106.39999999999999,127.0,4,3,188.0,177.0
2023-04-14,Headphones,171,7,126,0,186,0,127,0,127.0,186.0,126.0,4,4,192.0,181.0
2023-04-15,Headphones,189,6,148,0,201,0,113,0,113.0,201.0,148.0,4,5,171.0,184.0
2023-04-16,Headphones,202,6,148,0,184,0,172,0,172.0,184.0,148.0,4,6,189.0,168.0
2023-04-17,Headphones,186,5,118,0,248,0,155,0,155.0,248.0,118.0,4,0,202.0,183.0
2023-04-18,Headphones,198,2,183,0,143,0,121,0,121.0,143.0,183.0,4,1,186.0,171.0
2023-04-19,Headphones,204,2,101,0,158,0,137,0,137.0,158.0,101.0,4,2,198.0,188.0
2023-04-20,Headphones,207,6,101,0,175,0,131,0,131.0,175.0,101.0,4,3,204.0,192.0
2023-04-21,Headphones,198,2,226,0,168,0,166,0,166.0,168.0,226.0,4,4,207.0,171.0
2023-04-22,Headphones,202,5,197,0,225,1,168,0,168.0,157.5,197.0,4,5,198.0,189.0
2023-04-23,Headphones,199,6,106,0,244,0,132,0,132.0,244.0,106.0,4,6,202.0,202.0
2023-04-24,Headphones,190,6,215,1,156,0,171,0,171.0,156.0,129.0,4,0,199.0,186.0
2023-04-25,Headphones,201,3,206,0,244,0,152,0,152.0,244.0,206.0,4,1,190.0,198.0
2023-04-26,Headphones,205,7,117,0,190,0,116,1,92.80000000000001,190.0,117.0,4,2,201.0,204.0
2023-04-27,Headphones,194,6,185,0,189,0,128,0,128.0,189.0,185.0,4,3,205.0,207.0
2023-04-28,Headphones,203,4,228,0,147,1,179,0,179.0,102.89999999999999,228.0,4,4,194.0,198.0
2023-04-29,Headphones,206,6,107,0,184,0,96,1,76.80000000000001,184.0,107.0,4,5,203.0,202.0
2023-04-30,Headphones,208,5,104,0,180,0,156,0,156.0,180.0,104.0,4,6,206.0,199.0
2023-05-01,Headphones,208,3,201,0,226,0,160,0,160.0,226.0,201.0,5,0,208.0,190.0
2023-05-02,Headphones,214,5,180,1,129,1,176,0,176.0,90.3,108.0,5,1,208.0,201.0
2023-05-03,Headphones,215,4,166,0,219,1,175,0,175.0,153.29999999999998,166.0,5,2,214.0,205.0
2023-05-04,Headphones,194,10,234,1,151,0,116,0,116.0,151.0,140.4,5,3,215.0,194.0
2023-05-05,Headphones,203,2,133,0,233,0,93,0,93.0,233.0,133.0,5,4,194.0,203.0
2023-05-06,Headphones,192,6,244,1,229,0,137,0,137.0,229.0,146.4,5,5,203.0,206.0
2023-05-07,Headphones,186,7,219,0,189,0,92,0,92.0,189.0,219.0,5,6,192.0,208.0
2023-05-08,Headphones,197,7,130,0,142,0,117,0,117.0,142.0,130.0,5,0,186.0,208.0
2023-05-09,Headphones,213,10,129,1,215,0,120,0,120.0,215.0,77.39999999999999,5,1,197.0,214.0
2023-05-10,Headphones,206,5,148,0,194,1,175,0,175.0,135.79999999999998,148.0,5,2,213.0,215.0
2023-05-11,Headphones,201,5,238,0,173,0,110,0,110.0,173.0,238.0,5,3,206.0,194.0
2023-05-12,Headphones,208,7,244,1,122,0,176,0,176.0,122.0,146.4,5,4,201.0,203.0
2023-05-13,Headphones,204,5,193,1,123,1,178,0,178.0,86.1,115.8,5,5,208.0,192.0
2023-05-14,Headphones,198,2,112,0,195,0,109,0,109.0,195.0,112.0,5,6,204.0,186.0
2023-05-15,Headphones,207,5,117,0,232,0,96,0,96.0,232.0,117.0,5,0,198.0,197.0
2023-05-16,Headphones,206,5,146,0,215,0,102,0,102.0,215.0,146.0,5,1,207.0,213.0
2023-05-17,Headphones,204,6,221,0,178,0,105,0,105.0,178.0,221.0,5,2,206.0,206.0
2023-05-18,Headphones,191,6,132,0,211,0,95,0,95.0,211.0,132.0,5,3,204.0,201.0
2023-05-19,Headphones,185,5,144,1,194,0,94,0,94.0,194.0,86.39999999999999,5,4,191.0,208.0
2023-05-20,Headphones,200,5,218,1,217,0,121,0,121.0,217.0,130.79999999999998,5,5,185.0,204.0
2023-05-21,Headphones,200,7,144,1,155,0,119,0,119.0,155.0,86.39999999999999,5,6,200.0,198.0
2023-05-22,Headphones,184,5,125,1,232,0,149,0,149.0,232.0,75.0,5,0,200.0,207.0
2023-05-23,Headphones,175,10,137,1,192,1,117,0,117.0,134.39999999999998,82.2,5,1,184.0,206.0
2023-05-24,Headphones,185,7,176,1,170,0,109,0,109.0,170.0,105.6,5,2,175.0,204.0
2023-05-25,Headphones,182,3,118,0,228,0,171,1,136.8,228.0,118.0,5,3,185.0,191.0
2023-05-26,Headphones,164,3,107,0,245,1,132,0,132.0,171.5,107.0,5,4,182.0,185.0
2023-05-27,Headphones,176,2,173,0,224,1,164,1,131.20000000000002,156.79999999999998,173.0,5,5,164.0,200.0
2023-05-28,Headphones,179,10,133,1,208,1,134,0,134.0,145.6,79.8,5,6,176.0,200.0
2023-05-29,Headphones,174,3,215,0,249,0,173,0,173.0,249.0,215.0,5,0,179.0,184.0
2023-05-30,Headphones,176,2,232,0,184,0,143,0,143.0,184.0,232.0,5,1,174.0,175.0
2023-05-31,Headphones,159,7,208,1,243,0,95,0,95.0,243.0,124.8,5,2,176.0,185.0
2023-06-01,Headphones,178,4,211,0,214,0,167,0,167.0,214.0,211.0,6,3,159.0,182.0
2023-06-02,Headphones,183,5,166,0,238,0,173,0,173.0,238.0,166.0,6,4,178.0,164.0
2023-06-03,Headphones,171,2,237,0,156,1,133,1,106.4,109.19999999999999,237.0,6,5,183.0,176.0
2023-06-04,Headphones,171,3,129,0,142,1,115,0,115.0,99.39999999999999,129.0,6,6,171.0,179.0
2023-06-05,Headphones,182,2,115,0,209,0,103,0,103.0,209.0,115.0,6,0,171.0,174.0
2023-06-06,Headphones,158,6,200,0,132,0,125,1,100.0,132.0,200.0,6,1,182.0,176.0
2023-06-07,Headphones,170,3,172,0,125,0,175,0,175.0,125.0,172.0,6,2,158.0,159.0
2023-06-08,Headphones,155,5,131,0,226,0,149,0,149.0,226.0,131.0,6,3,170.0,178.0
2023-06-09,Headphones,151,6,182,0,172,1,99,0,99.0,120.39999999999999,182.0,6,4,155.0,183.0
2023-06-10,Headphones,158,3,188,0,241,0,110,0,110.0,241.0,188.0,6,5,151.0,171.0
2023-06-11,Headphones,179,2,111,0,180,0,122,0,122.0,180.0,111.0,6,6,158.0,171.0
2023-06-12,Headphones,173,2,118,0,146,0,179,0,179.0,146.0,118.0,6,0,179.0,182.0
2023-06-13,Headphones,157,3,162,0,233,0,154,0,154.0,233.0,162.0,6,1,173.0,158.0
2023-06-14,Headphones,153,2,170,0,150,0,179,0,179.0,150.0,170.0,6,2,157.0,170.0
2023-06-15,Headphones,160,7,247,0,190,1,98,0,98.0,133.0,247.0,6,3,153.0,155.0
2023-06-16,Headphones,160,2,199,0,232,1,134,1,107.2,162.39999999999998,199.0,6,4,160.0,151.0
2023-06-17,Headphones,170,8,197,1,237,1,112,0,112.0,165.89999999999998,118.19999999999999,6,5,160.0,158.0
2023-06-18,Headphones,165,6,131,1,145,0,161,0,161.0,145.0,78.6,6,6,170.0,179.0
2023-06-19,Headphones,154,6,222,0,200,0,149,1,119.2,200.0,222.0,6,0,165.0,173.0
2023-06-20,Headphones,181,2,209,0,156,0,169,0,169.0,156.0,209.0,6,1,154.0,157.0
2023-06-21,Headphones,155,7,162,1,167,0,96,1,76.80000000000001,167.0,97.2,6,2,181.0,153.0
2023-06-22,Headphones,178,5,127,0,178,1,98,0,98.0,124.6,127.0,6,3,155.0,160.0
2023-06-23,Headphones,179,6,178,0,188,1,136,0,136.0,131.6,178.0,6,4,178.0,160.0
2023-06-24,Headphones,185,10,220,1,229,0,99,0,99.0,229.0,132.0,6,5,179.0,170.0
2023-06-25,Headphones,176,5,239,1,143,1,137,1,109.60000000000001,100.1,143.4,6,6,185.0,165.0
2023-06-26,Headphones,167,2,205,0,170,0,176,0,176.0,170.0,205.0,6,0,176.0,154.0
2023-06-27,Headphones,190,2,175,0,199,0,160,0,160.0,199.0,175.0,6,1,167.0,181.0
2023-06-28,Headphones,171,6,233,0,224,0,142,0,142.0,224.0,233.0,6,2,190.0,155.0
2023-06-29,Headphones,165,2,127,0,240,0,109,0,109.0,240.0,127.0,6,3,171.0,178.0
2023-06-30,Headphones,191,3,197,0,204,0,158,0,158.0,204.0,197.0,6,4,165.0,179.0
2023-07-01,Headphones,191,6,125,0,138,0,158,0,158.0,138.0,125.0,7,5,191.0,185.0
2023-07-02,Headphones,173,2,153,0,199,0,91,0,91.0,199.0,153.0,7,6,191.0,176.0
2023-07-03,Headphones,195,6,129,0,200,1,110,0,110.0,140.0,129.0,7,0,173.0,167.0
2023-07-04,Headphones,196,6,181,0,178,0,171,1,136.8,178.0,181.0,7,1,195.0,190.0
2023-07-05,Headphones,202,7,231,0,140,0,101,0,101.0,140.0,231.0,7,2,196.0,171.0
2023-07-06,Headphones,206,5,160,0,188,0,127,0,127.0,188.0,160.0,7,3,202.0,165.0
2023-07-07,Headphones,187,5,128,0,142,0,167,0,167.0,142.0,128.0,7,4,206.0,191.0
2023-07-08,Headphones,203,3,112,0,219,0,156,0,156.0,219.0,112.0,7,5,187.0,191.0
2023-07-09,Headphones,208,4,189,0,145,0,120,1,96.0,145.0,189.0,7,6,203.0,173.0
2023-07-10,Headphones,200,6,231,1,141,0,137,0,137.0,141.0,138.6,7,0,208.0,195.0
2023-07-11,Headphones,192,9,159,1,199,0,170,0,170.0,199.0,95.39999999999999,7,1,200.0,196.0
2023-07-12,Headphones,192,4,119,0,233,0,164,0,164.0,233.0,119.0,7,2,192.0,202.0
2023-07-13,Headphones,210,7,147,1,215,0,118,0,118.0,215.0,88.2,7,3,192.0,206.0
2023-07-14,Headphones,194,6,226,0,123,0,170,0,170.0,123.0,226.0,7,4,210.0,187.0
2023-07-15,Headphones,223,6,111,0,161,0,102,0,102.0,161.0,111.0,7,5,194.0,203.0
2023-07-16,Headphones,211,9,232,1,249,0,153,0,153.0,249.0,139.2,7,6,223.0,208.0
2023-07-17,Headphones,206,6,247,1,128,0,142,0,142.0,128.0,148.2,7,0,211.0,200.0
2023-07-18,Headphones,202,6,136,1,213,0,166,1,132.8,213.0,81.6,7,1,206.0,192.0
2023-07-19,Headphones,204,7,161,0,229,0,117,0,117.0,229.0,161.0,7,2,202.0,192.0
2023-07-20,Headphones,227,6,218,0,205,0,146,1,116.80000000000001,205.0,218.0,7,3,204.0,210.0
2023-07-21,Headphones,218,3,151,0,244,0,176,1,140.8,244.0,151.0,7,4,227.0,194.0
2023-07-22,Headphones,230,6,193,0,164,0,141,0,141.0,164.0,193.0,7,5,218.0,223.0
2023-07-23,Headphones,221,7,229,0,201,1,124,0,124.0,140.7,229.0,7,6,230.0,211.0
2023-07-24,Headphones,219,3,156,0,135,0,122,0,122.0,135.0,156.0,7,0,221.0,206.0
2023-07-25,Headphones,225,8,181,1,171,0,162,0,162.0,171.0,108.6,7,1,219.0,202.0
2023-07-26,Headphones,214,6,208,0,122,0,98,0,98.0,122.0,208.0,7,2,225.0,204.0
2023-07-27,Headphones,231,7,219,0,186,1,156,0,156.0,130.2,219.0,7,3,214.0,227.0
2023-07-28,Headphones,217,7,175,1,217,0,125,0,125.0,217.0,105.0,7,4,231.0,218.0
2023-07-29,Headphones,235,3,213,0,196,1,133,0,133.0,137.2,213.0,7,5,217.0,230.0
2023-07-30,Headphones,234,7,210,1,149,0,149,0,149.0,149.0,126.0,7,6,235.0,221.0
2023-07-31,Headphones,228,4,193,0,166,1,176,0,176.0,116.19999999999999,193.0,7,0,234.0,219.0
2023-08-01,Headphones,237,4,174,0,134,0,179,0,179.0,134.0,174.0,8,1,228.0,225.0
2023-08-02,Headphones,230,7,194,1,122,0,129,0,129.0,122.0,116.39999999999999,8,2,237.0,214.0
2023-08-03,Headphones,232,2,248,0,223,0,154,1,123.2,223.0,248.0,8,3,230.0,231.0
2023-08-04,Headphones,222,7,142,0,193,0,107,0,107.0,193.0,142.0,8,4,232.0,217.0
2023-08-05,Headphones,224,5,228,0,141,0,155,0,155.0,141.0,228.0,8,5,222.0,235.0
2023-08-06,Headphones,221,7,217,1,209,0,131,0,131.0,209.0,130.2,8,6,224.0,234.0
2023-08-07,Headphones,215,3,194,0,175,0,94,0,94.0,175.0,194.0,8,0,221.0,228.0
2023-08-08,Headphones,237,7,215,0,157,0,147,0,147.0,157.0,215.0,8,1,215.0,237.0
2023-08-09,Headphones,234,5,190,0,132,0,97,0,97.0,132.0,190.0,8,2,237.0,230.0
2023-08-10,Headphones,231,4,201,0,141,0,101,0,101.0,141.0,201.0,8,3,234.0,232.0
2023-08-11,Headphones,228,9,224,1,159,0,151,0,151.0,159.0,134.4,8,4,231.0,222.0
2023-08-12,Headphones,240,2,248,0,210,0,179,0,179.0,210.0,248.0,8,5,228.0,224.0
2023-08-13,Headphones,229,7,209,1,188,0,179,0,179.0,188.0,125.39999999999999,8,6,240.0,221.0
2023-08-14,Headphones,213,2,125,0,175,0,154,0,154.0,175.0,125.0,8,0,229.0,215.0
2023-08-15,Headphones,237,4,180,0,190,0,90,0,90.0,190.0,180.0,8,1,213.0,237.0
2023-08-16,Headphones,235,5,240,0,120,0,91,0,91.0,120.0,240.0,8,2,237.0,234.0
2023-08-17,Headphones,224,6,130,0,249,0,133,0,133.0,249.0,130.0,8,3,235.0,231.0
2023-08-18,Headphones,207,6,159,0,231,0,111,0,111.0,231.0,159.0,8,4,224.0,228.0
2023-08-19,Headphones,205,3,105,0,233,0,136,0,136.0,233.0,105.0,8,5,207.0,240.0
2023-08-20,Headphones,217,8,249,1,231,0,99,0,99.0,231.0,149.4,8,6,205.0,229.0
2023-08-21,Headphones,206,6,168,0,226,1,151,0,151.0,158.2,168.0,8,0,217.0,213.0
2023-08-22,Headphones,220,5,147,0,244,1,95,0,95.0,170.79999999999998,147.0,8,1,206.0,237.0
2023-08-23,Headphones,209,7,174,1,212,0,132,0,132.0,212.0,104.39999999999999,8,2,220.0,235.0
2023-08-24,Headphones,207,5,229,0,145,0,107,0,107.0,145.0,229.0,8,3,209.0,224.0
2023-08-25,Headphones,198,5,107,0,186,1,149,0,149.0,130.2,107.0,8,4,207.0,207.0
2023-08-26,Headphones,197,4,242,0,138,0,157,0,157.0,138.0,242.0,8,5,198.0,205.0
2023-08-27,Headphones,216,7,115,0,121,1,129,0,129.0,84.69999999999999,115.0,8,6,197.0,217.0
2023-08-28,Headphones,215,4,246,0,187,1,155,0,155.0,130.9,246.0,8,0,216.0,206.0
2023-08-29,Headphones,202,3,167,0,122,1,107,0,107.0,85.39999999999999,167.0,8,1,215.0,220.0
2023-08-30,Headphones,209,6,215,1,210,0,176,0,176.0,210.0,129.0,8,2,202.0,209.0
2023-08-31,Headphones,193,5,191,1,130,0,110,0,110.0,130.0,114.6,8,3,209.0,207.0
2023-09-01,Headphones,192,4,212,0,142,0,102,1,81.60000000000001,142.0,212.0,9,4,193.0,198.0
2023-09-02,Headphones,191,6,204,0,247,0,157,0,157.0,247.0,204.0,9,5,192.0,197.0
2023-09-03,Headphones,214,3,195,0,234,0,123,0,123.0,234.0,195.0,9,6,191.0,216.0
2023-09-04,Headphones,192,9,183,1,140,0,130,0,130.0,140.0,109.8,9,0,214.0,215.0
2023-09-05,Headphones,184,10,226,1,152,0,139,0,139.0,152.0,135.6,9,1,192.0,202.0
2023-09-06,Headphones,203,7,239,0,182,1,141,0,141.0,127.39999999999999,239.0,9,2,184.0,209.0
2023-09-07,Headphones,193,5,186,0,140,1,97,0,97.0,98.0,186.0,9,3,203.0,193.0
2023-09-08,Headphones,183,7,134,1,145,0,177,0,177.0,145.0,80.39999999999999,9,4,193.0,192.0
2023-09-09,Headphones,199,7,187,0,136,0,116,1,92.80000000000001,136.0,187.0,9,5,183.0,191.0
2023-09-10,Headphones,205,4,230,0,187,0,170,0,170.0,187.0,230.0,9,6,199.0,214.0
2023-09-11,Headphones,200,2,185,0,184,0,151,1,120.80000000000001,184.0,185.0,9,0,205.0,192.0
2023-09-12,Headphones,190,4,138,0,169,0,113,0,113.0,169.0,138.0,9,1,200.0,184.0
2023-09-13,Headphones,202,3,164,0,173,0,110,0,110.0,173.0,164.0,9,2,190.0,203.0
2023-09-14,Headphones,195,6,145,0,180,0,137,1,109.60000000000001,180.0,145.0,9,3,202.0,193.0
2023-09-15,Headphones,188,4,191,0,212,0,92,0,92.0,212.0,191.0,9,4,195.0,183.0
2023-09-16,Headphones,208,7,191,0,242,1,108,0,108.0,169.39999999999998,191.0,9,5,188.0,199.0
2023-09-17,Headphones,202,6,106,1,218,0,175,0,175.0,218.0,63.599999999999994,9,6,208.0,205.0
2023-09-18,Headphones,206,4,103,0,200,0,157,0,157.0,200.0,103.0,9,0,202.0,200.0
2023-09-19,Headphones,193,5,115,0,137,0,108,0,108.0,137.0,115.0,9,1,206.0,190.0
2023-09-20,Headphones,203,5,111,0,202,0,155,0,155.0,202.0,111.0,9,2,193.0,202.0
2023-09-21,Headphones,197,7,118,0,136,0,164,1,131.20000000000002,136.0,118.0,9,3,203.0,195.0
2023-09-22,Headphones,199,6,216,0,209,0,163,0,163.0,209.0,216.0,9,4,197.0,188.0
2023-09-23,Headphones,201,6,212,1,131,0,92,1,73.60000000000001,131.0,127.19999999999999,9,5,199.0,208.0
2023-09-24,Headphones,200,6,141,0,154,0,131,0,131.0,154.0,141.0,9,6,201.0,202.0
2023-09-25,Headphones,198,4,105,0,215,0,139,0,139.0,215.0,105.0,9,0,200.0,206.0
2023-09-26,Headphones,194,6,108,0,181,0,177,0,177.0,181.0,108.0,9,1,198.0,193.0
2023-09-27,Headphones,194,5,188,0,167,0,163,0,163.0,167.0,188.0,9,2,194.0,203.0
2023-09-28,Headphones,190,3,158,0,193,0,112,0,112.0,193.0,158.0,9,3,194.0,197.0
2023-09-29,Headphones,202,10,123,1,192,0,110,0,110.0,192.0,73.8,9,4,190.0,199.0
2023-09-30,Headphones,216,5,213,0,138,0,124,0,124.0,138.0,213.0,9,5,202.0,201.0
2023-10-01,Headphones,199,7,118,0,169,0,96,0,96.0,169.0,118.0,10,6,216.0,200.0
2023-10-02,Headphones,203,4,179,0,225,0,126,0,126.0,225.0,179.0,10,0,199.0,198.0
2023-10-03,Headphones,218,6,164,0,234,0,97,1,77.60000000000001,234.0,164.0,10,1,203.0,194.0
2023-10-04,Headphones,219,4,144,0,177,1,137,0,137.0,123.89999999999999,144.0,10,2,218.0,194.0
2023-10-05,Headphones,210,6,189,0,199,0,113,0,113.0,199.0,189.0,10,3,219.0,190.0
2023-10-06,Headphones,215,2,233,0,123,1,142,0,142.0,86.1,233.0,10,4,210.0,202.0
2023-10-07,Headphones,207,5,224,0,231,1,156,0,156.0,161.7,224.0,10,5,215.0,216.0
2023-10-08,Headphones,231,4,172,0,200,0,110,0,110.0,200.0,172.0,10,6,207.0,199.0
2023-10-09,Headphones,233,7,138,1,199,0,125,0,125.0,199.0,82.8,10,0,231.0,203.0
2023-10-10,Headphones,238,8,115,1,149,0,177,0,177.0,149.0,69.0,10,1,233.0,218.0
2023-10-11,Headphones,224,2,107,0,196,0,167,0,167.0,196.0,107.0,10,2,238.0,219.0
2023-10-12,Headphones,215,5,172,0,228,0,133,0,133.0,228.0,172.0,10,3,224.0,210.0
2023-10-13,Headphones,238,7,198,0,238,0,149,0,149.0,238.0,198.0,10,4,215.0,215.0
2023-10-14,Headphones,222,8,134,1,179,1,172,0,172.0,125.3,80.39999999999999,10,5,238.0,207.0
2023-10-15,Headphones,230,9,106,1,196,0,172,0,172.0,196.0,63.599999999999994,10,6,222.0,231.0
2023-10-16,Headphones,226,7,127,0,181,0,115,0,115.0,181.0,127.0,10,0,230.0,233.0
2023-10-17,Headphones,240,4,170,0,207,0,91,1,72.8,207.0,170.0,10,1,226.0,238.0
2023-10-18,Headphones,245,4,141,0,159,0,119,0,119.0,159.0,141.0,10,2,240.0,224.0
2023-10-19,Headphones,236,9,160,1,137,0,109,0,109.0,137.0,96.0,10,3,245.0,215.0
2023-10-20,Headphones,232,7,146,1,164,0,112,0,112.0,164.0,87.6,10,4,236.0,238.0
2023-10-21,Headphones,238,3,181,0,235,0,93,0,93.0,235.0,181.0,10,5,232.0,222.0
2023-10-22,Headphones,237,6,121,0,242,0,109,0,109.0,242.0,121.0,10,6,238.0,230.0
2023-10-23,Headphones,234,2,168,0,188,0,92,0,92.0,188.0,168.0,10,0,237.0,226.0
2023-10-24,Headphones,251,5,226,1,156,0,171,0,171.0,156.0,135.6,10,1,234.0,240.0
2023-10-25,Headphones,240,3,186,0,162,0,136,0,136.0,162.0,186.0,10,2,251.0,245.0
2023-10-26,Headphones,261,6,166,1,149,1,179,0,179.0,104.3,99.6,10,3,240.0,236.0
2023-10-27,Headphones,243,8,141,1,134,0,124,0,124.0,134.0,84.6,10,4,261.0,232.0
2023-10-28,Headphones,264,5,198,0,176,1,102,0,102.0,123.19999999999999,198.0,10,5,243.0,238.0
2023-10-29,Headphones,251,2,209,0,162,0,167,0,167.0,162.0,209.0,10,6,264.0,237.0
2023-10-30,Headphones,263,7,120,1,174,1,92,1,73.60000000000001,121.8,72.0,10,0,251.0,234.0
2023-10-31,Headphones,262,8,170,1,164,0,157,0,157.0,164.0,102.0,10,1,263.0,251.0
2023-11-01,Headphones,251,7,249,0,129,1,90,0,90.0,90.3,249.0,11,2,262.0,240.0
2023-11-02,Headphones,264,4,125,0,248,0,122,0,122.0,248.0,125.0,11,3,251.0,261.0
2023-11-03,Headphones,263,6,134,0,171,1,141,0,141.0,119.69999999999999,134.0,11,4,264.0,243.0
2023-11-04,Headphones,270,7,202,0,247,1,116,0,116.0,172.89999999999998,202.0,11,5,263.0,264.0
2023-11-05,Headphones,268,4,127,0,220,0,175,1,140.0,220.0,127.0,11,6,270.0,251.0
2023-11-06,Headphones,249,4,216,0,227,0,165,0,165.0,227.0,216.0,11,0,268.0,263.0
2023-11-07,Headphones,270,8,180,1,138,0,99,0,99.0,138.0,108.0,11,1,249.0,262.0
2023-11-08,Headphones,251,6,144,0,123,0,107,0,107.0,123.0,144.0,11,2,270.0,251.0
2023-11-09,Headphones,244,4,189,0,196,1,106,0,106.0,137.2,189.0,11,3,251.0,264.0
2023-11-10,Headphones,254,7,206,1,159,0,147,0,147.0,159.0,123.6,11,4,244.0,263.0
2023-11-11,Headphones,254,2,124,0,211,0,95,0,95.0,211.0,124.0,11,5,254.0,270.0
2023-11-12,Headphones,266,5,162,0,220,1,125,0,125.0,154.0,162.0,11,6,254.0,268.0
2023-11-13,Headphones,261,6,147,0,231,0,114,0,114.0,231.0,147.0,11,0,266.0,249.0
2023-11-14,Headphones,247,5,177,0,132,0,103,0,103.0,132.0,177.0,11,1,261.0,270.0
2023-11-15,Headphones,249,4,105,0,127,0,163,0,163.0,127.0,105.0,11,2,247.0,251.0
2023-11-16,Headphones,251,4,192,0,171,0,94,0,94.0,171.0,192.0,11,3,249.0,244.0
2023-11-17,Headphones,254,7,207,0,221,0,158,1,126.4,221.0,207.0,11,4,251.0,254.0
2023-11-18,Headphones,262,9,118,1,204,0,177,0,177.0,204.0,70.8,11,5,254.0,254.0
2023-11-19,Headphones,256,5,152,0,209,0,115,0,115.0,209.0,152.0,11,6,262.0,266.0
2023-11-20,Headphones,261,5,228,1,166,0,149,0,149.0,166.0,136.79999999999998,11,0,256.0,261.0
2023-11-21,Headphones,262,6,169,0,139,0,164,0,164.0,139.0,169.0,11,1,261.0,247.0
2023-11-22,Headphones,257,2,131,0,207,0,153,0,153.0,207.0,131.0,11,2,262.0,249.0
2023-11-23,Headphones,244,3,245,0,197,0,95,0,95.0,197.0,245.0,11,3,257.0,251.0
2023-11-24,Headphones,230,6,193,0,173,0,169,0,169.0,173.0,193.0,11,4,244.0,254.0
2023-11-25,Headphones,255,4,189,0,181,0,162,0,162.0,181.0,189.0,11,5,230.0,262.0
2023-11-26,Headphones,248,7,172,0,144,0,161,0,161.0,144.0,172.0,11,6,255.0,256.0
2023-11-27,Headphones,235,5,198,0,205,0,165,1,132.0,205.0,198.0,11,0,248.0,261.0
2023-11-28,Headphones,224,6,167,0,145,1,178,0,178.0,101.5,167.0,11,1,235.0,262.0
2023-11-29,Headphones,241,9,209,1,196,0,152,0,152.0,196.0,125.39999999999999,11,2,224.0,257.0
2023-11-30,Headphones,241,6,220,1,197,0,143,0,143.0,197.0,132.0,11,3,241.0,244.0
2023-12-01,Headphones,223,7,108,1,227,0,166,1,132.8,227.0,64.8,12,4,241.0,230.0
2023-12-02,Headphones,237,3,100,0,206,0,165,0,165.0,206.0,100.0,12,5,223.0,255.0
2023-12-03,Headphones,242,4,167,0,149,0,93,0,93.0,149.0,167.0,12,6,237.0,248.0
2023-12-04,Headphones,244,2,210,0,214,0,133,0,133.0,214.0,210.0,12,0,242.0,235.0
2023-12-05,Headphones,235,5,115,0,206,0,165,0,165.0,206.0,115.0,12,1,244.0,224.0
2023-12-06,Headphones,224,2,216,0,159,0,151,1,120.80000000000001,159.0,216.0,12,2,235.0,241.0
2023-12-07,Headphones,220,2,191,0,205,1,105,0,105.0,143.5,191.0,12,3,224.0,241.0
2023-12-08,Headphones,222,4,149,0,156,1,142,1,113.60000000000001,109.19999999999999,149.0,12,4,220.0,223.0
2023-12-09,Headphones,214,6,191,0,208,0,98,1,78.4,208.0,191.0,12,5,222.0,237.0
2023-12-10,Headphones,226,5,230,1,219,0,130,0,130.0,219.0,138.0,12,6,214.0,242.0
2023-12-11,Headphones,235,2,186,0,131,0,164,0,164.0,131.0,186.0,12,0,226.0,244.0
2023-12-12,Headphones,215,4,116,0,206,0,144,0,144.0,206.0,116.0,12,1,235.0,235.0
2023-12-13,Headphones,215,4,113,0,232,0,142,1,113.60000000000001,232.0,113.0,12,2,215.0,224.0
2023-12-14,Headphones,210,2,114,0,176,0,161,0,161.0,176.0,114.0,12,3,215.0,220.0
2023-12-15,Headphones,229,5,185,0,206,0,123,0,123.0,206.0,185.0,12,4,210.0,222.0
2023-12-16,Headphones,208,2,134,0,139,0,108,0,108.0,139.0,134.0,12,5,229.0,214.0
2023-12-17,Headphones,229,2,194,0,137,0,171,0,171.0,137.0,194.0,12,6,208.0,226.0
2023-12-18,Headphones,221,10,140,1,226,0,170,1,136.0,226.0,84.0,12,0,229.0,235.0
2023-12-19,Headphones,230,4,102,0,172,1,98,0,98.0,120.39999999999999,102.0,12,1,221.0,215.0
2023-12-20,Headphones,228,7,168,0,205,0,139,0,139.0,205.0,168.0,12,2,230.0,215.0
2023-12-21,Headphones,229,7,177,0,166,0,125,0,125.0,166.0,177.0,12,3,228.0,210.0
2023-12-22,Headphones,212,3,121,0,173,0,161,0,161.0,173.0,121.0,12,4,229.0,229.0
2023-12-23,Headphones,232,5,156,1,214,0,106,0,106.0,214.0,93.6,12,5,212.0,208.0
2023-12-24,Headphones,209,4,170,0,179,1,173,0,173.0,125.3,170.0,12,6,232.0,229.0
2023-12-25,Headphones,235,7,229,0,174,1,155,0,155.0,121.8,229.0,12,0,209.0,221.0
2023-12-26,Headphones,214,7,217,0,136,0,98,0,98.0,136.0,217.0,12,1,235.0,230.0
2023-12-27,Headphones,226,5,101,0,225,1,127,1,101.60000000000001,157.5,101.0,12,2,214.0,228.0
2023-12-28,Headphones,232,6,137,0,232,0,94,0,94.0,232.0,137.0,12,3,226.0,229.0
2023-12-29,Headphones,232,7,163,1,168,0,125,0,125.0,168.0,97.8,12,4,232.0,212.0
2023-12-30,Headphones,217,2,198,0,184,0,162,0,162.0,184.0,198.0,12,5,232.0,232.0
2023-12-31,Headphones,236,6,109,1,122,0,93,0,93.0,122.0,65.39999999999999,12,6,217.0,209.0
2023-01-08,Laptop,168,7,167,0,248,0,117,0,117.0,248.0,167.0,1,6,143.0,147.0
2023-01-09,Laptop,166,7,187,0,156,0,95,0,95.0,156.0,187.0,1,0,168.0,135.0
2023-01-10,Laptop,158,2,102,0,165,0,101,0,101.0,165.0,102.0,1,1,166.0,154.0
2023-01-11,Laptop,166,4,112,0,134,0,137,0,137.0,134.0,112.0,1,2,158.0,160.0
2023-01-12,Laptop,159,2,104,0,222,1,163,1,130.4,155.39999999999998,104.0,1,3,166.0,160.0
2023-01-13,Laptop,156,2,213,0,139,0,160,0,160.0,139.0,213.0,1,4,159.0,164.0
2023-01-14,Laptop,159,2,158,0,199,0,167,1,133.6,199.0,158.0,1,5,156.0,143.0
2023-01-15,Laptop,163,3,237,0,187,1,156,0,156.0,130.9,237.0,1,6,159.0,168.0
2023-01-16,Laptop,176,2,116,0,204,0,108,0,108.0,204.0,116.0,1,0,163.0,166.0
2023-01-17,Laptop,187,5,247,0,121,0,143,1,114.4,121.0,247.0,1,1,176.0,158.0
2023-01-18,Laptop,161,3,113,0,151,1,122,0,122.0,105.69999999999999,113.0,1,2,187.0,166.0
2023-01-19,Laptop,175,7,240,1,244,0,140,0,140.0,244.0,144.0,1,3,161.0,159.0
2023-01-20,Laptop,190,9,183,1,233,0,113,0,113.0,233.0,109.8,1,4,175.0,156.0
2023-01-21,Laptop,186,7,171,1,238,0,159,0,159.0,238.0,102.6,1,5,190.0,159.0
2023-01-22,Laptop,164,7,247,1,151,0,133,0,133.0,151.0,148.2,1,6,186.0,163.0
2023-01-23,Laptop,187,4,163,0,187,0,157,0,157.0,187.0,163.0,1,0,164.0,176.0
2023-01-24,Laptop,191,5,235,1,249,0,145,0,145.0,249.0,141.0,1,1,187.0,187.0
2023-01-25,Laptop,181,2,176,0,149,0,108,0,108.0,149.0,176.0,1,2,191.0,161.0
2023-01-26,Laptop,177,4,222,0,168,1,100,1,80.0,117.6,222.0,1,3,181.0,175.0
2023-01-27,Laptop,181,7,183,1,244,0,101,0,101.0,244.0,109.8,1,4,177.0,190.0
2023-01-28,Laptop,165,6,124,0,247,0,114,0,114.0,247.0,124.0,1,5,181.0,186.0
2023-01-29,Laptop,185,6,195,0,216,0,92,0,92.0,216.0,195.0,1,6,165.0,164.0
2023-01-30,Laptop,166,6,123,1,132,0,112,0,112.0,132.0,73.8,1,0,185.0,187.0
2023-01-31,Laptop,178,5,105,0,249,1,131,0,131.0,174.29999999999998,105.0,1,1,166.0,191.0
2023-02-01,Laptop,191,8,186,1,189,1,129,0,129.0,132.29999999999998,111.6,2,2,178.0,181.0
2023-02-02,Laptop,170,2,183,0,128,0,100,0,100.0,128.0,183.0,2,3,191.0,177.0
2023-02-03,Laptop,165,4,109,0,186,0,116,0,116.0,186.0,109.0,2,4,170.0,181.0
2023-02-04,Laptop,161,7,127,0,182,0,102,0,102.0,182.0,127.0,2,5,165.0,165.0
2023-02-05,Laptop,163,5,136,1,177,0,136,0,136.0,177.0,81.6,2,6,161.0,185.0
2023-02-06,Laptop,159,2,149,0,234,0,110,0,110.0,234.0,149.0,2,0,163.0,166.0
2023-02-07,Laptop,171,6,195,0,157,0,120,0,120.0,157.0,195.0,2,1,159.0,178.0
2023-02-08,Laptop,177,2,145,0,195,1,126,0,126.0,136.5,145.0,2,2,171.0,191.0
2023-02-09,Laptop,171,5,188,1,213,0,178,0,178.0,213.0,112.8,2,3,177.0,170.0
2023-02-10,Laptop,174,7,208,1,121,0,149,0,149.0,121.0,124.8,2,4,171.0,165.0
2023-02-11,Laptop,177,2,134,0,145,0,118,0,118.0,145.0,134.0,2,5,174.0,161.0
2023-02-12,Laptop,159,5,111,1,213,0,179,0,179.0,213.0,66.6,2,6,177.0,163.0
2023-02-13,Laptop,157,6,223,0,195,0,172,1,137.6,195.0,223.0,2,0,159.0,159.0
2023-02-14,Laptop,152,6,134,0,182,0,176,0,176.0,182.0,134.0,2,1,157.0,171.0
2023-02-15,Laptop,165,2,141,0,148,0,148,0,148.0,148.0,141.0,2,2,152.0,177.0
2023-02-16,Laptop,147,5,125,1,138,0,168,0,168.0,138.0,75.0,2,3,165.0,171.0
2023-02-17,Laptop,161,6,188,1,189,0,106,0,106.0,189.0,112.8,2,4,147.0,174.0
2023-02-18,Laptop,155,7,176,0,126,0,100,0,100.0,126.0,176.0,2,5,161.0,177.0
2023-02-19,Laptop,169,4,167,0,146,0,158,0,158.0,146.0,167.0,2,6,155.0,159.0
2023-02-20,Laptop,160,5,112,0,164,0,103,0,103.0,164.0,112.0,2,0,169.0,157.0
2023-02-21,Laptop,161,7,229,0,136,0,161,0,161.0,136.0,229.0,2,1,160.0,152.0
2023-02-22,Laptop,161,2,154,0,145,0,105,0,105.0,145.0,154.0,2,2,161.0,165.0
2023-02-23,Laptop,159,7,104,0,219,0,145,0,145.0,219.0,104.0,2,3,161.0,147.0
2023-02-24,Laptop,150,6,241,0,134,0,137,0,137.0,134.0,241.0,2,4,159.0,161.0
2023-02-25,Laptop,164,9,111,1,137,0,125,0,125.0,137.0,66.6,2,5,150.0,155.0
2023-02-26,Laptop,139,4,119,0,140,0,127,0,127.0,140.0,119.0,2,6,164.0,169.0
2023-02-27,Laptop,138,4,233,0,188,0,151,0,151.0,188.0,233.0,2,0,139.0,160.0
2023-02-28,Laptop,144,8,245,1,200,1,99,0,99.0,140.0,147.0,2,1,138.0,161.0
2023-03-01,Laptop,149,4,155,0,200,0,118,0,118.0,200.0,155.0,3,2,144.0,161.0
2023-03-02,Laptop,152,5,151,0,166,0,133,0,133.0,166.0,151.0,3,3,149.0,159.0
2023-03-03,Laptop,137,6,161,1,235,1,102,0,102.0,164.5,96.6,3,4,152.0,150.0
2023-03-04,Laptop,155,5,238,0,168,0,171,0,171.0,168.0,238.0,3,5,137.0,164.0
2023-03-05,Laptop,155,9,212,1,222,0,169,1,135.20000000000002,222.0,127.19999999999999,3,6,155.0,139.0
2023-03-06,Laptop,129,6,107,1,230,0,146,0,146.0,230.0,64.2,3,0,155.0,138.0
2023-03-07,Laptop,148,6,116,0,177,0,159,0,159.0,177.0,116.0,3,1,129.0,144.0
2023-03-08,Laptop,157,7,195,0,158,0,137,0,137.0,158.0,195.0,3,2,148.0,149.0
2023-03-09,Laptop,127,5,177,0,122,0,122,0,122.0,122.0,177.0,3,3,157.0,152.0
2023-03-10,Laptop,154,5,110,0,220,0,120,0,120.0,220.0,110.0,3,4,127.0,137.0
2023-03-11,Laptop,141,2,219,0,151,1,161,0,161.0,105.69999999999999,219.0,3,5,154.0,155.0
2023-03-12,Laptop,128,10,234,1,144,0,151,0,151.0,144.0,140.4,3,6,141.0,155.0
2023-03-13,Laptop,132,7,187,1,211,0,115,0,115.0,211.0,112.2,3,0,128.0,129.0
2023-03-14,Laptop,155,3,243,0,232,0,111,0,111.0,232.0,243.0,3,1,132.0,148.0
2023-03-15,Laptop,157,4,165,0,165,0,157,0,157.0,165.0,165.0,3,2,155.0,157.0
2023-03-16,Laptop,144,4,169,0,175,0,127,0,127.0,175.0,169.0,3,3,157.0,127.0
2023-03-17,Laptop,148,7,103,0,171,0,90,0,90.0,171.0,103.0,3,4,144.0,154.0
2023-03-18,Laptop,134,3,181,0,225,0,141,0,141.0,225.0,181.0,3,5,148.0,141.0
2023-03-19,Laptop,134,6,193,0,212,0,145,0,145.0,212.0,193.0,3,6,134.0,128.0
2023-03-20,Laptop,149,4,242,0,228,1,97,0,97.0,159.6,242.0,3,0,134.0,132.0
2023-03-21,Laptop,150,7,217,0,186,1,116,0,116.0,130.2,217.0,3,1,149.0,155.0
2023-03-22,Laptop,146,6,199,0,231,0,175,0,175.0,231.0,199.0,3,2,150.0,157.0
2023-03-23,Laptop,163,2,130,0,157,0,94,0,94.0,157.0,130.0,3,3,146.0,144.0
2023-03-24,Laptop,167,7,205,0,125,1,170,1,136.0,87.5,205.0,3,4,163.0,148.0
2023-03-25,Laptop,167,3,247,0,240,0,96,0,96.0,240.0,247.0,3,5,167.0,134.0
2023-03-26,Laptop,154,2,184,0,197,0,127,0,127.0,197.0,184.0,3,6,167.0,134.0
2023-03-27,Laptop,163,4,185,0,181,0,136,0,136.0,181.0,185.0,3,0,154.0,149.0
2023-03-28,Laptop,149,5,187,0,203,0,132,0,132.0,203.0,187.0,3,1,163.0,150.0
2023-03-29,Laptop,148,9,178,1,153,0,146,0,146.0,153.0,106.8,3,2,149.0,146.0
2023-03-30,Laptop,175,5,141,1,125,0,149,1,119.2,125.0,84.6,3,3,148.0,163.0
2023-03-31,Laptop,158,6,171,0,140,0,91,0,91.0,140.0,171.0,3,4,175.0,167.0
2023-04-01,Laptop,156,5,228,1,192,0,132,0,132.0,192.0,136.79999999999998,4,5,158.0,167.0
2023-04-02,Laptop,176,2,162,0,150,0,148,0,148.0,150.0,162.0,4,6,156.0,154.0
2023-04-03,Laptop,183,2,124,0,156,1,92,0,92.0,109.19999999999999,124.0,4,0,176.0,163.0
2023-04-04,Laptop,173,5,207,0,222,1,132,0,132.0,155.39999999999998,207.0,4,1,183.0,149.0
2023-04-05,Laptop,172,7,116,0,180,0,90,0,90.0,180.0,116.0,4,2,173.0,148.0
2023-04-06,Laptop,181,2,247,0,171,0,105,0,105.0,171.0,247.0,4,3,172.0,175.0
2023-04-07,Laptop,165,5,138,1,123,0,164,0,164.0,123.0,82.8,4,4,181.0,158.0
2023-04-08,Laptop,192,6,171,0,135,0,144,0,144.0,135.0,171.0,4,5,165.0,156.0
2023-04-09,Laptop,167,7,118,1,152,0,117,0,117.0,152.0,70.8,4,6,192.0,176.0
2023-04-10,Laptop,188,6,129,0,167,1,162,0,162.0,116.89999999999999,129.0,4,0,167.0,183.0
2023-04-11,Laptop,199,6,204,1,193,0,111,1,88.80000000000001,193.0,122.39999999999999,4,1,188.0,173.0
2023-04-12,Laptop,193,6,168,0,244,0,138,0,138.0,244.0,168.0,4,2,199.0,172.0
2023-04-13,Laptop,196,9,249,1,130,0,128,0,128.0,130.0,149.4,4,3,193.0,181.0
2023-04-14,Laptop,176,3,190,0,247,0,127,0,127.0,247.0,190.0,4,4,196.0,165.0
2023-04-15,Laptop,180,9,208,1,211,1,113,0,113.0,147.7,124.8,4,5,176.0,192.0
2023-04-16,Laptop,196,5,196,0,203,0,172,0,172.0,203.0,196.0,4,6,180.0,167.0
2023-04-17,Laptop,205,5,138,1,180,1,155,0,155.0,125.99999999999999,82.8,4,0,196.0,188.0
2023-04-18,Laptop,191,2,144,0,155,0,121,0,121.0,155.0,144.0,4,1,205.0,199.0
2023-04-19,Laptop,205,5,181,0,184,0,137,0,137.0,184.0,181.0,4,2,191.0,193.0
2023-04-20,Laptop,210,3,241,0,161,1,131,0,131.0,112.69999999999999,241.0,4,3,205.0,196.0
2023-04-21,Laptop,188,6,180,1,239,0,166,0,166.0,239.0,108.0,4,4,210.0,176.0
2023-04-22,Laptop,194,10,206,1,219,0,168,0,168.0,219.0,123.6,4,5,188.0,180.0
2023-04-23,Laptop,201,7,147,1,126,0,132,0,132.0,126.0,88.2,4,6,194.0,196.0
2023-04-24,Laptop,212,6,245,0,244,1,171,0,171.0,170.79999999999998,245.0,4,0,201.0,205.0
2023-04-25,Laptop,207,2,208,0,207,1,152,0,152.0,144.89999999999998,208.0,4,1,212.0,191.0
2023-04-26,Laptop,205,4,224,0,230,1,116,1,92.80000000000001,161.0,224.0,4,2,207.0,205.0
2023-04-27,Laptop,212,7,244,0,238,1,128,0,128.0,166.6,244.0,4,3,205.0,210.0
2023-04-28,Laptop,214,6,150,0,133,0,179,0,179.0,133.0,150.0,4,4,212.0,188.0
2023-04-29,Laptop,193,4,116,0,220,0,96,1,76.80000000000001,220.0,116.0,4,5,214.0,194.0
2023-04-30,Laptop,218,4,163,0,206,1,156,0,156.0,144.2,163.0,4,6,193.0,201.0
2023-05-01,Laptop,201,7,116,0,120,0,160,0,160.0,120.0,116.0,5,0,218.0,212.0
2023-05-02,Laptop,193,2,181,0,147,0,176,0,176.0,147.0,181.0,5,1,201.0,207.0
2023-05-03,Laptop,217,7,168,1,149,0,175,0,175.0,149.0,100.8,5,2,193.0,205.0
2023-05-04,Laptop,208,5,134,0,153,1,116,0,116.0,107.1,134.0,5,3,217.0,212.0
2023-05-05,Laptop,199,6,240,0,169,0,93,0,93.0,169.0,240.0,5,4,208.0,214.0
2023-05-06,Laptop,191,4,241,0,162,1,137,0,137.0,113.39999999999999,241.0,5,5,199.0,193.0
2023-05-07,Laptop,199,5,165,0,189,0,92,0,92.0,189.0,165.0,5,6,191.0,218.0
2023-05-08,Laptop,200,6,138,0,223,0,117,0,117.0,223.0,138.0,5,0,199.0,201.0
2023-05-09,Laptop,210,7,151,0,192,1,120,0,120.0,134.39999999999998,151.0,5,1,200.0,193.0
2023-05-10,Laptop,204,6,111,1,224,0,175,0,175.0,224.0,66.6,5,2,210.0,217.0
2023-05-11,Laptop,194,7,137,0,194,0,110,0,110.0,194.0,137.0,5,3,204.0,208.0
2023-05-12,Laptop,215,3,199,0,247,0,176,0,176.0,247.0,199.0,5,4,194.0,199.0
2023-05-13,Laptop,195,3,122,0,128,0,178,0,178.0,128.0,122.0,5,5,215.0,191.0
2023-05-14,Laptop,207,5,200,1,167,0,109,0,109.0,167.0,120.0,5,6,195.0,199.0
2023-05-15,Laptop,208,5,172,1,221,0,96,0,96.0,221.0,103.2,5,0,207.0,200.0
2023-05-16,Laptop,184,7,164,0,129,0,102,0,102.0,129.0,164.0,5,1,208.0,210.0
2023-05-17,Laptop,198,3,180,0,162,0,105,0,105.0,162.0,180.0,5,2,184.0,204.0
2023-05-18,Laptop,204,5,115,0,168,0,95,0,95.0,168.0,115.0,5,3,198.0,194.0
2023-05-19,Laptop,201,4,216,0,181,0,94,0,94.0,181.0,216.0,5,4,204.0,215.0
2023-05-20,Laptop,189,2,197,0,176,0,121,0,121.0,176.0,197.0,5,5,201.0,195.0
2023-05-21,Laptop,203,8,121,1,127,0,119,0,119.0,127.0,72.6,5,6,189.0,207.0
2023-05-22,Laptop,199,8,164,1,129,0,149,0,149.0,129.0,98.39999999999999,5,0,203.0,208.0
2023-05-23,Laptop,179,4,153,0,212,0,117,0,117.0,212.0,153.0,5,1,199.0,184.0
2023-05-24,Laptop,196,6,102,0,128,1,109,0,109.0,89.6,102.0,5,2,179.0,198.0
2023-05-25,Laptop,173,5,198,0,163,1,171,1,136.8,114.1,198.0,5,3,196.0,204.0
2023-05-26,Laptop,181,7,103,0,182,0,132,0,132.0,182.0,103.0,5,4,173.0,201.0
2023-05-27,Laptop,187,7,164,0,215,0,164,1,131.20000000000002,215.0,164.0,5,5,181.0,189.0
2023-05-28,Laptop,166,7,121,1,213,0,134,0,134.0,213.0,72.6,5,6,187.0,203.0
2023-05-29,Laptop,172,4,247,0,133,0,173,0,173.0,133.0,247.0,5,0,166.0,199.0
2023-05-30,Laptop,177,2,213,0,191,0,143,0,143.0,191.0,213.0,5,1,172.0,179.0
2023-05-31,Laptop,178,9,167,1,232,0,95,0,95.0,232.0,100.2,5,2,177.0,196.0
2023-06-01,Laptop,175,7,231,0,134,0,167,0,167.0,134.0,231.0,6,3,178.0,173.0
2023-06-02,Laptop,172,4,228,0,157,0,173,0,173.0,157.0,228.0,6,4,175.0,181.0
2023-06-03,Laptop,178,6,194,0,177,0,133,1,106.4,177.0,194.0,6,5,172.0,187.0
2023-06-04,Laptop,181,4,227,0,171,0,115,0,115.0,171.0,227.0,6,6,178.0,166.0
2023-06-05,Laptop,172,10,225,1,135,0,103,0,103.0,135.0,135.0,6,0,181.0,172.0
2023-06-06,Laptop,185,7,108,0,151,0,125,1,100.0,151.0,108.0,6,1,172.0,177.0
2023-06-07,Laptop,158,2,226,0,183,0,175,0,175.0,183.0,226.0,6,2,185.0,178.0
2023-06-08,Laptop,158,7,180,1,202,0,149,0,149.0,202.0,108.0,6,3,158.0,175.0
2023-06-09,Laptop,178,4,215,0,217,0,99,0,99.0,217.0,215.0,6,4,158.0,172.0
2023-06-10,Laptop,177,6,126,0,207,1,110,0,110.0,144.89999999999998,126.0,6,5,178.0,178.0
2023-06-11,Laptop,174,7,156,1,239,0,122,0,122.0,239.0,93.6,6,6,177.0,181.0
2023-06-12,Laptop,180,2,233,0,186,0,179,0,179.0,186.0,233.0,6,0,174.0,172.0
2023-06-13,Laptop,181,2,240,0,222,1,154,0,154.0,155.39999999999998,240.0,6,1,180.0,185.0
2023-06-14,Laptop,185,6,116,0,197,1,179,0,179.0,137.89999999999998,116.0,6,2,181.0,158.0
2023-06-15,Laptop,184,3,223,0,159,1,98,0,98.0,111.3,223.0,6,3,185.0,158.0
2023-06-16,Laptop,177,6,133,0,243,0,134,1,107.2,243.0,133.0,6,4,184.0,178.0
2023-06-17,Laptop,182,2,109,0,212,0,112,0,112.0,212.0,109.0,6,5,177.0,177.0
2023-06-18,Laptop,182,6,167,0,183,0,161,0,161.0,183.0,167.0,6,6,182.0,174.0
2023-06-19,Laptop,179,4,153,0,120,1,149,1,119.2,84.0,153.0,6,0,182.0,180.0
2023-06-20,Laptop,175,2,142,0,140,0,169,0,169.0,140.0,142.0,6,1,179.0,181.0
2023-06-21,Laptop,179,3,161,0,247,0,96,1,76.80000000000001,247.0,161.0,6,2,175.0,185.0
2023-06-22,Laptop,170,2,219,0,179,0,98,0,98.0,179.0,219.0,6,3,179.0,184.0
2023-06-23,Laptop,167,4,184,0,176,0,136,0,136.0,176.0,184.0,6,4,170.0,177.0
2023-06-24,Laptop,177,4,103,0,120,0,99,0,99.0,120.0,103.0,6,5,167.0,182.0
2023-06-25,Laptop,185,6,191,0,162,0,137,1,109.60000000000001,162.0,191.0,6,6,177.0,182.0
2023-06-26,Laptop,176,6,162,0,184,0,176,0,176.0,184.0,162.0,6,0,185.0,179.0
2023-06-27,Laptop,194,2,105,0,150,0,160,0,160.0,150.0,105.0,6,1,176.0,175.0
2023-06-28,Laptop,173,2,128,0,231,0,142,0,142.0,231.0,128.0,6,2,194.0,179.0
2023-06-29,Laptop,170,7,225,0,234,0,109,0,109.0,234.0,225.0,6,3,173.0,170.0
2023-06-30,Laptop,179,7,171,0,238,1,158,0,158.0,166.6,171.0,6,4,170.0,167.0
2023-07-01,Laptop,194,6,147,0,227,0,158,0,158.0,227.0,147.0,7,5,179.0,177.0
2023-07-02,Laptop,203,5,161,1,201,1,91,0,91.0,140.7,96.6,7,6,194.0,185.0
2023-07-03,Laptop,188,5,207,1,150,0,110,0,110.0,150.0,124.19999999999999,7,0,203.0,176.0
2023-07-04,Laptop,190,7,105,0,169,0,171,1,136.8,169.0,105.0,7,1,188.0,194.0
2023-07-05,Laptop,185,6,222,0,176,0,101,0,101.0,176.0,222.0,7,2,190.0,173.0
2023-07-06,Laptop,189,4,195,0,186,0,127,0,127.0,186.0,195.0,7,3,185.0,170.0
2023-07-07,Laptop,188,3,200,0,170,0,167,0,167.0,170.0,200.0,7,4,189.0,179.0
2023-07-08,Laptop,192,7,244,0,178,0,156,0,156.0,178.0,244.0,7,5,188.0,194.0
2023-07-09,Laptop,201,4,229,0,133,0,120,1,96.0,133.0,229.0,7,6,192.0,203.0
2023-07-10,Laptop,210,7,160,0,148,1,137,0,137.0,103.6,160.0,7,0,201.0,188.0
2023-07-11,Laptop,222,8,127,1,216,0,170,0,170.0,216.0,76.2,7,1,210.0,190.0
2023-07-12,Laptop,209,7,203,0,171,0,164,0,164.0,171.0,203.0,7,2,222.0,185.0
2023-07-13,Laptop,199,9,208,1,188,1,118,0,118.0,131.6,124.8,7,3,209.0,189.0
2023-07-14,Laptop,221,5,198,0,232,0,170,0,170.0,232.0,198.0,7,4,199.0,188.0
2023-07-15,Laptop,208,2,119,0,135,1,102,0,102.0,94.5,119.0,7,5,221.0,192.0
2023-07-16,Laptop,221,7,113,0,234,0,153,0,153.0,234.0,113.0,7,6,208.0,201.0
2023-07-17,Laptop,219,3,249,0,208,0,142,0,142.0,208.0,249.0,7,0,221.0,210.0
2023-07-18,Laptop,218,5,139,0,139,1,166,1,132.8,97.3,139.0,7,1,219.0,222.0
2023-07-19,Laptop,224,4,207,0,127,0,117,0,117.0,127.0,207.0,7,2,218.0,209.0
2023-07-20,Laptop,236,5,136,1,244,1,146,1,116.80000000000001,170.79999999999998,81.6,7,3,224.0,199.0
2023-07-21,Laptop,219,9,246,1,133,0,176,1,140.8,133.0,147.6,7,4,236.0,221.0
2023-07-22,Laptop,241,5,139,1,138,0,141,0,141.0,138.0,83.39999999999999,7,5,219.0,208.0
2023-07-23,Laptop,231,5,224,0,120,0,124,0,124.0,120.0,224.0,7,6,241.0,221.0
2023-07-24,Laptop,230,9,109,1,201,0,122,0,122.0,201.0,65.39999999999999,7,0,231.0,219.0
2023-07-25,Laptop,238,2,117,0,197,0,162,0,162.0,197.0,117.0,7,1,230.0,218.0
2023-07-26,Laptop,234,4,170,0,183,1,98,0,98.0,128.1,170.0,7,2,238.0,224.0
2023-07-27,Laptop,244,2,189,0,148,0,156,0,156.0,148.0,189.0,7,3,234.0,236.0
2023-07-28,Laptop,243,3,249,0,213,0,125,0,125.0,213.0,249.0,7,4,244.0,219.0
2023-07-29,Laptop,241,2,226,0,237,0,133,0,133.0,237.0,226.0,7,5,243.0,241.0
2023-07-30,Laptop,244,2,228,0,214,0,149,0,149.0,214.0,228.0,7,6,241.0,231.0
2023-07-31,Laptop,224,7,244,0,185,1,176,0,176.0,129.5,244.0,7,0,244.0,230.0
2023-08-01,Laptop,245,5,207,0,129,0,179,0,179.0,129.0,207.0,8,1,224.0,238.0
2023-08-02,Laptop,240,2,235,0,201,0,129,0,129.0,201.0,235.0,8,2,245.0,234.0
2023-08-03,Laptop,249,10,185,1,203,0,154,1,123.2,203.0,111.0,8,3,240.0,244.0
2023-08-04,Laptop,243,2,105,0,214,1,107,0,107.0,149.79999999999998,105.0,8,4,249.0,243.0
2023-08-05,Laptop,228,2,204,0,228,0,155,0,155.0,228.0,204.0,8,5,243.0,241.0
2023-08-06,Laptop,231,8,236,1,194,0,131,0,131.0,194.0,141.6,8,6,228.0,244.0
2023-08-07,Laptop,240,6,166,1,209,0,94,0,94.0,209.0,99.6,8,0,231.0,224.0
2023-08-08,Laptop,220,2,188,0,144,0,147,0,147.0,144.0,188.0,8,1,240.0,245.0
2023-08-09,Laptop,244,7,124,0,208,1,97,0,97.0,145.6,124.0,8,2,220.0,240.0
2023-08-10,Laptop,243,4,139,0,151,0,101,0,101.0,151.0,139.0,8,3,244.0,249.0
2023-08-11,Laptop,218,2,203,0,220,1,151,0,151.0,154.0,203.0,8,4,243.0,243.0
2023-08-12,Laptop,231,3,130,0,140,0,179,0,179.0,140.0,130.0,8,5,218.0,228.0
2023-08-13,Laptop,217,7,116,0,176,0,179,0,179.0,176.0,116.0,8,6,231.0,231.0
2023-08-14,Laptop,244,7,112,1,137,0,154,0,154.0,137.0,67.2,8,0,217.0,240.0
2023-08-15,Laptop,235,4,245,0,216,0,90,0,90.0,216.0,245.0,8,1,244.0,220.0
2023-08-16,Laptop,228,3,143,0,130,0,91,0,91.0,130.0,143.0,8,2,235.0,244.0
2023-08-17,Laptop,236,7,167,0,245,1,133,0,133.0,171.5,167.0,8,3,228.0,243.0
2023-08-18,Laptop,218,8,214,1,164,0,111,0,111.0,164.0,128.4,8,4,236.0,218.0
2023-08-19,Laptop,222,3,207,0,241,0,136,0,136.0,241.0,207.0,8,5,218.0,231.0
2023-08-20,Laptop,228,7,244,1,233,1,99,0,99.0,163.1,146.4,8,6,222.0,217.0
2023-08-21,Laptop,207,8,186,1,145,0,151,0,151.0,145.0,111.6,8,0,228.0,244.0
2023-08-22,Laptop,221,6,211,0,231,1,95,0,95.0,161.7,211.0,8,1,207.0,235.0
2023-08-23,Laptop,232,10,234,1,216,0,132,0,132.0,216.0,140.4,8,2,221.0,228.0
2023-08-24,Laptop,209,7,189,1,157,0,107,0,107.0,157.0,113.39999999999999,8,3,232.0,236.0
2023-08-25,Laptop,206,7,162,0,190,0,149,0,149.0,190.0,162.0,8,4,209.0,218.0
2023-08-26,Laptop,221,5,200,0,219,0,157,0,157.0,219.0,200.0,8,5,206.0,222.0
2023-08-27,Laptop,227,6,163,0,143,0,129,0,129.0,143.0,163.0,8,6,221.0,228.0
2023-08-28,Laptop,220,4,133,0,221,0,155,0,155.0,221.0,133.0,8,0,227.0,207.0
2023-08-29,Laptop,198,5,131,1,148,0,107,0,107.0,148.0,78.6,8,1,220.0,221.0
2023-08-30,Laptop,206,6,194,1,168,1,176,0,176.0,117.6,116.39999999999999,8,2,198.0,232.0
2023-08-31,Laptop,219,7,206,0,132,0,110,0,110.0,132.0,206.0,8,3,206.0,209.0
2023-09-01,Laptop,208,6,123,1,206,1,102,1,81.60000000000001,144.2,73.8,9,4,219.0,206.0
2023-09-02,Laptop,209,7,129,0,121,0,157,0,157.0,121.0,129.0,9,5,208.0,221.0
2023-09-03,Laptop,194,3,206,0,140,0,123,0,123.0,140.0,206.0,9,6,209.0,227.0
2023-09-04,Laptop,210,2,223,0,244,0,130,0,130.0,244.0,223.0,9,0,194.0,220.0
2023-09-05,Laptop,212,6,245,0,129,0,139,0,139.0,129.0,245.0,9,1,210.0,198.0
2023-09-06,Laptop,216,5,247,0,195,0,141,0,141.0,195.0,247.0,9,2,212.0,206.0
2023-09-07,Laptop,200,7,131,0,205,0,97,0,97.0,205.0,131.0,9,3,216.0,219.0
2023-09-08,Laptop,213,9,130,1,126,0,177,0,177.0,126.0,78.0,9,4,200.0,208.0
2023-09-09,Laptop,189,10,168,1,217,0,116,1,92.80000000000001,217.0,100.8,9,5,213.0,209.0
2023-09-10,Laptop,199,10,226,1,155,0,170,0,170.0,155.0,135.6,9,6,189.0,194.0
2023-09-11,Laptop,200,6,119,0,125,0,151,1,120.80000000000001,125.0,119.0,9,0,199.0,210.0
2023-09-12,Laptop,213,7,141,1,191,1,113,0,113.0,133.7,84.6,9,1,200.0,212.0
2023-09-13,Laptop,197,4,110,0,161,0,110,0,110.0,161.0,110.0,9,2,213.0,216.0
2023-09-14,Laptop,213,4,202,0,204,0,137,1,109.60000000000001,204.0,202.0,9,3,197.0,200.0
2023-09-15,Laptop,203,10,153,1,121,0,92,0,92.0,121.0,91.8,9,4,213.0,213.0
2023-09-16,Laptop,188,4,210,0,170,0,108,0,108.0,170.0,210.0,9,5,203.0,189.0
2023-09-17,Laptop,195,10,201,1,170,0,175,0,175.0,170.0,120.6,9,6,188.0,199.0
2023-09-18,Laptop,200,6,149,0,135,0,157,0,157.0,135.0,149.0,9,0,195.0,200.0
2023-09-19,Laptop,210,4,135,0,214,0,108,0,108.0,214.0,135.0,9,1,200.0,213.0
2023-09-20,Laptop,211,2,138,0,248,0,155,0,155.0,248.0,138.0,9,2,210.0,197.0
2023-09-21,Laptop,201,6,100,0,239,0,164,1,131.20000000000002,239.0,100.0,9,3,211.0,213.0
2023-09-22,Laptop,207,3,132,0,199,0,163,0,163.0,199.0,132.0,9,4,201.0,203.0
2023-09-23,Laptop,194,3,102,0,153,1,92,1,73.60000000000001,107.1,102.0,9,5,207.0,188.0
2023-09-24,Laptop,192,2,184,0,241,1,131,0,131.0,168.7,184.0,9,6,194.0,195.0
2023-09-25,Laptop,190,3,114,0,198,0,139,0,139.0,198.0,114.0,9,0,192.0,200.0
2023-09-26,Laptop,220,7,235,1,205,0,177,0,177.0,205.0,141.0,9,1,190.0,210.0
2023-09-27,Laptop,221,7,121,0,154,0,163,0,163.0,154.0,121.0,9,2,220.0,211.0
2023-09-28,Laptop,198,5,220,0,236,0,112,0,112.0,236.0,220.0,9,3,221.0,201.0
2023-09-29,Laptop,217,4,210,0,190,0,110,0,110.0,190.0,210.0,9,4,198.0,207.0
2023-09-30,Laptop,222,5,217,0,214,0,124,0,124.0,214.0,217.0,9,5,217.0,194.0
2023-10-01,Laptop,207,9,125,1,244,0,96,0,96.0,244.0,75.0,10,6,222.0,192.0
2023-10-02,Laptop,221,2,246,0,218,1,126,0,126.0,152.6,246.0,10,0,207.0,190.0
2023-10-03,Laptop,206,7,115,0,124,0,97,1,77.60000000000001,124.0,115.0,10,1,221.0,220.0
2023-10-04,Laptop,206,4,195,0,177,0,137,0,137.0,177.0,195.0,10,2,206.0,221.0
2023-10-05,Laptop,206,3,234,0,245,0,113,0,113.0,245.0,234.0,10,3,206.0,198.0
2023-10-06,Laptop,226,5,200,0,181,0,142,0,142.0,181.0,200.0,10,4,206.0,217.0
2023-10-07,Laptop,218,4,241,0,176,0,156,0,156.0,176.0,241.0,10,5,226.0,222.0
2023-10-08,Laptop,236,6,225,0,227,0,110,0,110.0,227.0,225.0,10,6,218.0,207.0
2023-10-09,Laptop,231,3,133,0,160,0,125,0,125.0,160.0,133.0,10,0,236.0,221.0
2023-10-10,Laptop,240,3,187,0,211,1,177,0,177.0,147.7,187.0,10,1,231.0,206.0
2023-10-11,Laptop,217,6,119,0,217,0,167,0,167.0,217.0,119.0,10,2,240.0,206.0
2023-10-12,Laptop,242,4,198,0,211,0,133,0,133.0,211.0,198.0,10,3,217.0,206.0
2023-10-13,Laptop,225,9,188,1,234,0,149,0,149.0,234.0,112.8,10,4,242.0,226.0
2023-10-14,Laptop,235,4,158,0,156,0,172,0,172.0,156.0,158.0,10,5,225.0,218.0
2023-10-15,Laptop,228,7,148,0,215,1,172,0,172.0,150.5,148.0,10,6,235.0,236.0
2023-10-16,Laptop,241,3,233,0,130,0,115,0,115.0,130.0,233.0,10,0,228.0,231.0
2023-10-17,Laptop,251,6,153,0,144,0,91,1,72.8,144.0,153.0,10,1,241.0,240.0
2023-10-18,Laptop,245,4,222,0,175,0,119,0,119.0,175.0,222.0,10,2,251.0,217.0
2023-10-19,Laptop,254,2,226,0,172,0,109,0,109.0,172.0,226.0,10,3,245.0,242.0
2023-10-20,Laptop,235,3,149,0,212,0,112,0,112.0,212.0,149.0,10,4,254.0,225.0
2023-10-21,Laptop,251,7,215,0,132,0,93,0,93.0,132.0,215.0,10,5,235.0,235.0
2023-10-22,Laptop,264,4,153,0,187,0,109,0,109.0,187.0,153.0,10,6,251.0,228.0
2023-10-23,Laptop,264,4,116,0,244,1,92,0,92.0,170.79999999999998,116.0,10,0,264.0,241.0
2023-10-24,Laptop,259,2,165,0,201,0,171,0,171.0,201.0,165.0,10,1,264.0,251.0
2023-10-25,Laptop,264,4,158,0,127,0,136,0,136.0,127.0,158.0,10,2,259.0,245.0
2023-10-26,Laptop,253,7,212,0,180,0,179,0,179.0,180.0,212.0,10,3,264.0,254.0
2023-10-27,Laptop,260,7,167,0,171,1,124,0,124.0,119.69999999999999,167.0,10,4,253.0,235.0
2023-10-28,Laptop,246,7,171,1,146,0,102,0,102.0,146.0,102.6,10,5,260.0,251.0
2023-10-29,Laptop,272,10,141,1,236,1,167,0,167.0,165.2,84.6,10,6,246.0,264.0
2023-10-30,Laptop,246,2,134,0,145,0,92,1,73.60000000000001,145.0,134.0,10,0,272.0,264.0
2023-10-31,Laptop,247,6,179,1,134,0,157,0,157.0,134.0,107.39999999999999,10,1,246.0,259.0
2023-11-01,Laptop,275,10,177,1,184,0,90,0,90.0,184.0,106.2,11,2,247.0,264.0
2023-11-02,Laptop,266,6,157,0,242,0,122,0,122.0,242.0,157.0,11,3,275.0,253.0
2023-11-03,Laptop,258,7,168,1,146,0,141,0,141.0,146.0,100.8,11,4,266.0,260.0
2023-11-04,Laptop,253,2,170,0,179,0,116,0,116.0,179.0,170.0,11,5,258.0,246.0
2023-11-05,Laptop,260,2,196,0,202,0,175,1,140.0,202.0,196.0,11,6,253.0,272.0
2023-11-06,Laptop,251,3,112,0,167,0,165,0,165.0,167.0,112.0,11,0,260.0,246.0
2023-11-07,Laptop,249,2,244,0,235,0,99,0,99.0,235.0,244.0,11,1,251.0,247.0
2023-11-08,Laptop,249,3,184,0,148,0,107,0,107.0,148.0,184.0,11,2,249.0,275.0
2023-11-09,Laptop,255,8,181,1,150,0,106,0,106.0,150.0,108.6,11,3,249.0,266.0
2023-11-10,Laptop,257,6,230,0,123,0,147,0,147.0,123.0,230.0,11,4,255.0,258.0
2023-11-11,Laptop,257,8,216,1,193,0,95,0,95.0,193.0,129.6,11,5,257.0,253.0
2023-11-12,Laptop,258,5,179,0,227,0,125,0,125.0,227.0,179.0,11,6,257.0,260.0
2023-11-13,Laptop,274,7,148,0,167,0,114,0,114.0,167.0,148.0,11,0,258.0,251.0
2023-11-14,Laptop,258,2,147,0,249,0,103,0,103.0,249.0,147.0,11,1,274.0,249.0
2023-11-15,Laptop,256,7,199,0,139,0,163,0,163.0,139.0,199.0,11,2,258.0,249.0
2023-11-16,Laptop,257,4,168,0,142,0,94,0,94.0,142.0,168.0,11,3,256.0,255.0
2023-11-17,Laptop,244,2,110,0,202,0,158,1,126.4,202.0,110.0,11,4,257.0,257.0
2023-11-18,Laptop,270,2,214,0,140,1,177,0,177.0,98.0,214.0,11,5,244.0,257.0
2023-11-19,Laptop,259,6,150,0,178,0,115,0,115.0,178.0,150.0,11,6,270.0,258.0
2023-11-20,Laptop,256,6,205,0,225,1,149,0,149.0,157.5,205.0,11,0,259.0,274.0
2023-11-21,Laptop,240,3,218,0,172,0,164,0,164.0,172.0,218.0,11,1,256.0,258.0
2023-11-22,Laptop,259,4,117,0,177,0,153,0,153.0,177.0,117.0,11,2,240.0,256.0
2023-11-23,Laptop,252,5,225,1,159,0,95,0,95.0,159.0,135.0,11,3,259.0,257.0
2023-11-24,Laptop,259,3,186,0,230,0,169,0,169.0,230.0,186.0,11,4,252.0,244.0
2023-11-25,Laptop,240,5,123,0,164,0,162,0,162.0,164.0,123.0,11,5,259.0,270.0
2023-11-26,Laptop,260,8,181,1,196,0,161,0,161.0,196.0,108.6,11,6,240.0,259.0
2023-11-27,Laptop,255,3,151,0,138,0,165,1,132.0,138.0,151.0,11,0,260.0,256.0
2023-11-28,Laptop,238,5,110,0,165,1,178,0,178.0,115.49999999999999,110.0,11,1,255.0,240.0
2023-11-29,Laptop,253,5,189,0,133,1,152,0,152.0,93.1,189.0,11,2,238.0,259.0
2023-11-30,Laptop,255,7,174,0,194,0,143,0,143.0,194.0,174.0,11,3,253.0,252.0
2023-12-01,Laptop,226,3,239,0,216,0,166,1,132.8,216.0,239.0,12,4,255.0,259.0
2023-12-02,Laptop,242,3,204,0,214,1,165,0,165.0,149.79999999999998,204.0,12,5,226.0,240.0
2023-12-03,Laptop,230,4,187,0,245,0,93,0,93.0,245.0,187.0,12,6,242.0,260.0
2023-12-04,Laptop,227,7,210,0,169,0,133,0,133.0,169.0,210.0,12,0,230.0,255.0
2023-12-05,Laptop,223,2,223,0,132,0,165,0,165.0,132.0,223.0,12,1,227.0,238.0
2023-12-06,Laptop,244,10,144,1,219,0,151,1,120.80000000000001,219.0,86.39999999999999,12,2,223.0,253.0
2023-12-07,Laptop,238,3,140,0,153,0,105,0,105.0,153.0,140.0,12,3,244.0,255.0
2023-12-08,Laptop,234,5,108,1,203,0,142,1,113.60000000000001,203.0,64.8,12,4,238.0,226.0
2023-12-09,Laptop,228,4,135,0,206,0,98,1,78.4,206.0,135.0,12,5,234.0,242.0
2023-12-10,Laptop,225,7,124,0,187,0,130,0,130.0,187.0,124.0,12,6,228.0,230.0
2023-12-11,Laptop,242,6,154,0,226,0,164,0,164.0,226.0,154.0,12,0,225.0,227.0
2023-12-12,Laptop,237,10,141,1,215,1,144,0,144.0,150.5,84.6,12,1,242.0,223.0
2023-12-13,Laptop,216,5,138,1,204,0,142,1,113.60000000000001,204.0,82.8,12,2,237.0,244.0
2023-12-14,Laptop,237,3,116,0,139,0,161,0,161.0,139.0,116.0,12,3,216.0,238.0
2023-12-15,Laptop,233,5,247,0,125,1,123,0,123.0,87.5,247.0,12,4,237.0,234.0
2023-12-16,Laptop,240,4,181,0,181,1,108,0,108.0,126.69999999999999,181.0,12,5,233.0,228.0
2023-12-17,Laptop,236,5,249,1,200,0,171,0,171.0,200.0,149.4,12,6,240.0,225.0
2023-12-18,Laptop,215,7,223,0,145,0,170,1,136.0,145.0,223.0,12,0,236.0,242.0
2023-12-19,Laptop,221,3,144,0,215,0,98,0,98.0,215.0,144.0,12,1,215.0,237.0
2023-12-20,Laptop,216,5,192,0,189,0,139,0,139.0,189.0,192.0,12,2,221.0,216.0
2023-12-21,Laptop,221,5,102,0,216,0,125,0,125.0,216.0,102.0,12,3,216.0,237.0
2023-12-22,Laptop,236,2,198,0,124,1,161,0,161.0,86.8,198.0,12,4,221.0,233.0
2023-12-23,Laptop,216,5,202,0,235,0,106,0,106.0,235.0,202.0,12,5,236.0,240.0
2023-12-24,Laptop,230,6,110,0,121,1,173,0,173.0,84.69999999999999,110.0,12,6,216.0,236.0
2023-12-25,Laptop,217,5,239,0,231,0,155,0,155.0,231.0,239.0,12,0,230.0,215.0
2023-12-26,Laptop,231,2,192,0,232,1,98,0,98.0,162.39999999999998,192.0,12,1,217.0,221.0
2023-12-27,Laptop,220,3,222,0,216,0,127,1,101.60000000000001,216.0,222.0,12,2,231.0,216.0
2023-12-28,Laptop,235,8,144,1,221,0,94,0,94.0,221.0,86.39999999999999,12,3,220.0,221.0
2023-12-29,Laptop,235,6,147,1,187,0,125,0,125.0,187.0,88.2,12,4,235.0,236.0
2023-12-30,Laptop,226,7,120,1,136,1,162,0,162.0,95.19999999999999,72.0,12,5,235.0,216.0
2023-12-31,Laptop,245,7,183,1,136,0,93,0,93.0,136.0,109.8,12,6,226.0,230.0
2023-01-08,Smartphone,174,2,102,0,192,1,117,0,117.0,134.39999999999998,102.0,1,6,153.0,164.0
2023-01-09,Smartphone,169,7,223,1,201,1,95,0,95.0,140.7,133.79999999999998,1,0,174.0,151.0
2023-01-10,Smartphone,174,3,156,0,224,0,101,0,101.0,224.0,156.0,1,1,169.0,149.0
2023-01-11,Smartphone,164,4,181,0,135,0,137,0,137.0,135.0,181.0,1,2,174.0,148.0
2023-01-12,Smartphone,166,2,175,0,194,0,163,1,130.4,194.0,175.0,1,3,164.0,171.0
2023-01-13,Smartphone,180,6,127,0,121,1,160,0,160.0,84.69999999999999,127.0,1,4,166.0,165.0
2023-01-14,Smartphone,178,7,179,1,173,0,167,1,133.6,173.0,107.39999999999999,1,5,180.0,153.0
2023-01-15,Smartphone,163,9,157,1,220,0,156,0,156.0,220.0,94.2,1,6,178.0,174.0
2023-01-16,Smartphone,168,6,145,0,148,0,108,0,108.0,148.0,145.0,1,0,163.0,169.0
2023-01-17,Smartphone,185,7,136,0,222,0,143,1,114.4,222.0,136.0,1,1,168.0,174.0
2023-01-18,Smartphone,165,3,219,0,200,0,122,0,122.0,200.0,219.0,1,2,185.0,164.0
2023-01-19,Smartphone,185,3,128,0,181,1,140,0,140.0,126.69999999999999,128.0,1,3,165.0,166.0
2023-01-20,Smartphone,185,8,120,1,194,0,113,0,113.0,194.0,72.0,1,4,185.0,180.0
2023-01-21,Smartphone,167,8,117,1,176,0,159,0,159.0,176.0,70.2,1,5,185.0,178.0
2023-01-22,Smartphone,189,6,123,0,164,1,133,0,133.0,114.8,123.0,1,6,167.0,163.0
2023-01-23,Smartphone,178,6,216,0,249,1,157,0,157.0,174.29999999999998,216.0,1,0,189.0,168.0
2023-01-24,Smartphone,196,2,132,0,150,0,145,0,145.0,150.0,132.0,1,1,178.0,185.0
2023-01-25,Smartphone,173,2,196,0,246,0,108,0,108.0,246.0,196.0,1,2,196.0,165.0
2023-01-26,Smartphone,169,2,203,0,162,0,100,1,80.0,162.0,203.0,1,3,173.0,185.0
2023-01-27,Smartphone,195,10,210,1,233,0,101,0,101.0,233.0,126.0,1,4,169.0,185.0
2023-01-28,Smartphone,188,7,111,0,138,0,114,0,114.0,138.0,111.0,1,5,195.0,167.0
2023-01-29,Smartphone,168,3,245,0,152,0,92,0,92.0,152.0,245.0,1,6,188.0,189.0
2023-01-30,Smartphone,179,5,193,1,145,0,112,0,112.0,145.0,115.8,1,0,168.0,178.0
2023-01-31,Smartphone,192,5,165,0,158,0,131,0,131.0,158.0,165.0,1,1,179.0,196.0
2023-02-01,Smartphone,188,5,198,1,136,0,129,0,129.0,136.0,118.8,2,2,192.0,173.0
2023-02-02,Smartphone,194,6,210,0,223,0,100,0,100.0,223.0,210.0,2,3,188.0,169.0
2023-02-03,Smartphone,177,5,144,0,239,1,116,0,116.0,167.29999999999998,144.0,2,4,194.0,195.0
2023-02-04,Smartphone,189,4,100,0,248,0,102,0,102.0,248.0,100.0,2,5,177.0,188.0
2023-02-05,Smartphone,180,5,213,0,219,1,136,0,136.0,153.29999999999998,213.0,2,6,189.0,168.0
2023-02-06,Smartphone,189,6,142,0,185,0,110,0,110.0,185.0,142.0,2,0,180.0,179.0
2023-02-07,Smartphone,188,3,184,0,186,0,120,0,120.0,186.0,184.0,2,1,189.0,192.0
2023-02-08,Smartphone,170,5,175,1,136,1,126,0,126.0,95.19999999999999,105.0,2,2,188.0,188.0
2023-02-09,Smartphone,187,3,162,0,210,0,178,0,178.0,210.0,162.0,2,3,170.0,194.0
2023-02-10,Smartphone,186,7,181,0,224,0,149,0,149.0,224.0,181.0,2,4,187.0,177.0
2023-02-11,Smartphone,173,5,192,0,144,0,118,0,118.0,144.0,192.0,2,5,186.0,189.0
2023-02-12,Smartphone,170,3,216,0,234,0,179,0,179.0,234.0,216.0,2,6,173.0,180.0
2023-02-13,Smartphone,184,9,120,1,135,0,172,1,137.6,135.0,72.0,2,0,170.0,189.0
2023-02-14,Smartphone,183,6,151,0,134,0,176,0,176.0,134.0,151.0,2,1,184.0,188.0
2023-02-15,Smartphone,167,3,138,0,179,0,148,0,148.0,179.0,138.0,2,2,183.0,170.0
2023-02-16,Smartphone,180,7,120,0,212,0,168,0,168.0,212.0,120.0,2,3,167.0,187.0
2023-02-17,Smartphone,168,6,118,1,136,1,106,0,106.0,95.19999999999999,70.8,2,4,180.0,186.0
2023-02-18,Smartphone,159,4,110,0,246,0,100,0,100.0,246.0,110.0,2,5,168.0,173.0
2023-02-19,Smartphone,169,2,123,0,136,0,158,0,158.0,136.0,123.0,2,6,159.0,170.0
2023-02-20,Smartphone,165,2,222,0,120,1,103,0,103.0,84.0,222.0,2,0,169.0,184.0
2023-02-21,Smartphone,168,6,157,0,148,0,161,0,161.0,148.0,157.0,2,1,165.0,183.0
2023-02-22,Smartphone,145,6,176,0,229,0,105,0,105.0,229.0,176.0,2,2,168.0,167.0
2023-02-23,Smartphone,146,9,122,1,130,1,145,0,145.0,91.0,73.2,2,3,145.0,180.0
2023-02-24,Smartphone,159,5,137,0,227,0,137,0,137.0,227.0,137.0,2,4,146.0,168.0
2023-02-25,Smartphone,145,7,242,0,242,0,125,0,125.0,242.0,242.0,2,5,159.0,159.0
2023-02-26,Smartphone,158,6,165,0,194,0,127,0,127.0,194.0,165.0,2,6,145.0,169.0
2023-02-27,Smartphone,145,7,224,0,169,0,151,0,151.0,169.0,224.0,2,0,158.0,165.0
2023-02-28,Smartphone,142,8,240,1,216,0,99,0,99.0,216.0,144.0,2,1,145.0,168.0
2023-03-01,Smartphone,152,6,188,1,121,0,118,0,118.0,121.0,112.8,3,2,142.0,145.0
2023-03-02,Smartphone,138,2,200,0,143,0,133,0,133.0,143.0,200.0,3,3,152.0,146.0
2023-03-03,Smartphone,158,6,185,0,243,0,102,0,102.0,243.0,185.0,3,4,138.0,159.0
2023-03-04,Smartphone,160,3,181,0,219,0,171,0,171.0,219.0,181.0,3,5,158.0,145.0
2023-03-05,Smartphone,146,2,141,0,211,1,169,1,135.20000000000002,147.7,141.0,3,6,160.0,158.0
2023-03-06,Smartphone,149,6,120,1,186,0,146,0,146.0,186.0,72.0,3,0,146.0,145.0
2023-03-07,Smartphone,157,6,186,0,229,0,159,0,159.0,229.0,186.0,3,1,149.0,142.0
2023-03-08,Smartphone,140,7,104,1,227,0,137,0,137.0,227.0,62.4,3,2,157.0,152.0
2023-03-09,Smartphone,156,3,148,0,202,1,122,0,122.0,141.39999999999998,148.0,3,3,140.0,138.0
2023-03-10,Smartphone,151,10,112,1,230,0,120,0,120.0,230.0,67.2,3,4,156.0,158.0
2023-03-11,Smartphone,132,10,131,1,152,0,161,0,161.0,152.0,78.6,3,5,151.0,160.0
2023-03-12,Smartphone,151,9,225,1,173,1,151,0,151.0,121.1,135.0,3,6,132.0,146.0
2023-03-13,Smartphone,159,5,126,0,173,0,115,0,115.0,173.0,126.0,3,0,151.0,149.0
2023-03-14,Smartphone,146,2,227,0,128,0,111,0,111.0,128.0,227.0,3,1,159.0,157.0
2023-03-15,Smartphone,160,3,248,0,139,0,157,0,157.0,139.0,248.0,3,2,146.0,140.0
2023-03-16,Smartphone,139,6,220,0,158,0,127,0,127.0,158.0,220.0,3,3,160.0,156.0
2023-03-17,Smartphone,145,7,202,0,221,1,90,0,90.0,154.7,202.0,3,4,139.0,151.0
2023-03-18,Smartphone,163,5,231,0,247,0,141,0,141.0,247.0,231.0,3,5,145.0,132.0
2023-03-19,Smartphone,143,9,199,1,249,0,145,0,145.0,249.0,119.39999999999999,3,6,163.0,151.0
2023-03-20,Smartphone,151,2,103,0,196,0,97,0,97.0,196.0,103.0,3,0,143.0,159.0
2023-03-21,Smartphone,140,7,206,1,190,0,116,0,116.0,190.0,123.6,3,1,151.0,146.0
2023-03-22,Smartphone,152,9,148,1,200,1,175,0,175.0,140.0,88.8,3,2,140.0,160.0
2023-03-23,Smartphone,156,7,159,0,138,0,94,0,94.0,138.0,159.0,3,3,152.0,139.0
2023-03-24,Smartphone,145,5,113,0,215,1,170,1,136.0,150.5,113.0,3,4,156.0,145.0
2023-03-25,Smartphone,160,5,106,0,209,0,96,0,96.0,209.0,106.0,3,5,145.0,163.0
2023-03-26,Smartphone,152,6,148,0,127,0,127,0,127.0,127.0,148.0,3,6,160.0,143.0
2023-03-27,Smartphone,150,9,197,1,241,0,136,0,136.0,241.0,118.19999999999999,3,0,152.0,151.0
2023-03-28,Smartphone,149,4,224,0,178,0,132,0,132.0,178.0,224.0,3,1,150.0,140.0
2023-03-29,Smartphone,179,5,209,0,242,0,146,0,146.0,242.0,209.0,3,2,149.0,152.0
2023-03-30,Smartphone,157,7,230,0,183,0,149,1,119.2,183.0,230.0,3,3,179.0,156.0
2023-03-31,Smartphone,175,5,140,0,248,0,91,0,91.0,248.0,140.0,3,4,157.0,145.0
2023-04-01,Smartphone,165,6,206,1,241,1,132,0,132.0,168.7,123.6,4,5,175.0,160.0
2023-04-02,Smartphone,160,8,238,1,247,0,148,0,148.0,247.0,142.79999999999998,4,6,165.0,152.0
2023-04-03,Smartphone,180,4,168,0,135,0,92,0,92.0,135.0,168.0,4,0,160.0,150.0
2023-04-04,Smartphone,189,5,220,0,180,0,132,0,132.0,180.0,220.0,4,1,180.0,149.0
2023-04-05,Smartphone,180,3,157,0,232,0,90,0,90.0,232.0,157.0,4,2,189.0,179.0
2023-04-06,Smartphone,190,5,146,0,196,0,105,0,105.0,196.0,146.0,4,3,180.0,157.0
2023-04-07,Smartphone,178,7,241,0,121,0,164,0,164.0,121.0,241.0,4,4,190.0,175.0
2023-04-08,Smartphone,170,7,137,0,200,0,144,0,144.0,200.0,137.0,4,5,178.0,165.0
2023-04-09,Smartphone,180,2,182,0,165,0,117,0,117.0,165.0,182.0,4,6,170.0,160.0
2023-04-10,Smartphone,202,10,219,1,182,0,162,0,162.0,182.0,131.4,4,0,180.0,180.0
2023-04-11,Smartphone,178,5,167,0,240,0,111,1,88.80000000000001,240.0,167.0,4,1,202.0,189.0
2023-04-12,Smartphone,190,7,149,0,141,0,138,0,138.0,141.0,149.0,4,2,178.0,180.0
2023-04-13,Smartphone,193,2,246,0,165,0,128,0,128.0,165.0,246.0,4,3,190.0,190.0
2023-04-14,Smartphone,194,5,166,0,177,0,127,0,127.0,177.0,166.0,4,4,193.0,178.0
2023-04-15,Smartphone,189,5,205,0,134,0,113,0,113.0,134.0,205.0,4,5,194.0,170.0
2023-04-16,Smartphone,196,7,235,0,207,0,172,0,172.0,207.0,235.0,4,6,189.0,180.0
2023-04-17,Smartphone,207,6,150,0,120,1,155,0,155.0,84.0,150.0,4,0,196.0,202.0
2023-04-18,Smartphone,213,6,208,0,216,0,121,0,121.0,216.0,208.0,4,1,207.0,178.0
2023-04-19,Smartphone,212,3,167,0,145,0,137,0,137.0,145.0,167.0,4,2,213.0,190.0
2023-04-20,Smartphone,218,2,150,0,148,0,131,0,131.0,148.0,150.0,4,3,212.0,193.0
2023-04-21,Smartphone,197,4,243,0,225,0,166,0,166.0,225.0,243.0,4,4,218.0,194.0
2023-04-22,Smartphone,211,2,137,0,203,0,168,0,168.0,203.0,137.0,4,5,197.0,189.0
2023-04-23,Smartphone,207,4,178,0,167,0,132,0,132.0,167.0,178.0,4,6,211.0,196.0
2023-04-24,Smartphone,205,2,146,0,181,0,171,0,171.0,181.0,146.0,4,0,207.0,207.0
2023-04-25,Smartphone,211,7,164,0,208,0,152,0,152.0,208.0,164.0,4,1,205.0,213.0
2023-04-26,Smartphone,209,3,150,0,161,0,116,1,92.80000000000001,161.0,150.0,4,2,211.0,212.0
2023-04-27,Smartphone,215,5,128,1,144,0,128,0,128.0,144.0,76.8,4,3,209.0,218.0
2023-04-28,Smartphone,219,4,230,0,181,1,179,0,179.0,126.69999999999999,230.0,4,4,215.0,197.0
2023-04-29,Smartphone,221,6,240,0,170,0,96,1,76.80000000000001,170.0,240.0,4,5,219.0,211.0
2023-04-30,Smartphone,220,2,200,0,180,0,156,0,156.0,180.0,200.0,4,6,221.0,207.0
2023-05-01,Smartphone,223,8,145,1,203,0,160,0,160.0,203.0,87.0,5,0,220.0,205.0
2023-05-02,Smartphone,223,7,242,0,217,0,176,0,176.0,217.0,242.0,5,1,223.0,211.0
2023-05-03,Smartphone,223,7,162,1,178,0,175,0,175.0,178.0,97.2,5,2,223.0,209.0
2023-05-04,Smartphone,208,3,163,0,144,0,116,0,116.0,144.0,163.0,5,3,223.0,215.0
2023-05-05,Smartphone,204,5,124,0,120,0,93,0,93.0,120.0,124.0,5,4,208.0,219.0
2023-05-06,Smartphone,223,5,201,0,242,0,137,0,137.0,242.0,201.0,5,5,204.0,221.0
2023-05-07,Smartphone,209,3,223,0,161,0,92,0,92.0,161.0,223.0,5,6,223.0,220.0
2023-05-08,Smartphone,206,4,217,0,194,0,117,0,117.0,194.0,217.0,5,0,209.0,223.0
2023-05-09,Smartphone,193,10,173,1,185,0,120,0,120.0,185.0,103.8,5,1,206.0,223.0
2023-05-10,Smartphone,217,6,158,0,241,0,175,0,175.0,241.0,158.0,5,2,193.0,223.0
2023-05-11,Smartphone,198,2,192,0,164,1,110,0,110.0,114.8,192.0,5,3,217.0,208.0
2023-05-12,Smartphone,199,7,246,1,223,0,176,0,176.0,223.0,147.6,5,4,198.0,204.0
2023-05-13,Smartphone,213,3,159,0,205,0,178,0,178.0,205.0,159.0,5,5,199.0,223.0
2023-05-14,Smartphone,189,5,239,0,221,0,109,0,109.0,221.0,239.0,5,6,213.0,209.0
2023-05-15,Smartphone,198,6,199,0,167,0,96,0,96.0,167.0,199.0,5,0,189.0,206.0
2023-05-16,Smartphone,193,7,248,0,147,0,102,0,102.0,147.0,248.0,5,1,198.0,193.0
2023-05-17,Smartphone,208,10,112,1,166,0,105,0,105.0,166.0,67.2,5,2,193.0,217.0
2023-05-18,Smartphone,194,7,164,0,182,0,95,0,95.0,182.0,164.0,5,3,208.0,198.0
2023-05-19,Smartphone,200,5,156,0,213,0,94,0,94.0,213.0,156.0,5,4,194.0,199.0
2023-05-20,Smartphone,197,5,203,0,171,0,121,0,121.0,171.0,203.0,5,5,200.0,213.0
2023-05-21,Smartphone,187,8,174,1,174,0,119,0,119.0,174.0,104.39999999999999,5,6,197.0,189.0
2023-05-22,Smartphone,180,6,203,0,224,0,149,0,149.0,224.0,203.0,5,0,187.0,198.0
2023-05-23,Smartphone,179,6,183,0,202,0,117,0,117.0,202.0,183.0,5,1,180.0,193.0
2023-05-24,Smartphone,176,10,177,1,249,0,109,0,109.0,249.0,106.2,5,2,179.0,208.0
2023-05-25,Smartphone,200,5,169,0,174,0,171,1,136.8,174.0,169.0,5,3,176.0,194.0
2023-05-26,Smartphone,177,7,217,0,213,0,132,0,132.0,213.0,217.0,5,4,200.0,200.0
2023-05-27,Smartphone,181,7,195,0,208,0,164,1,131.20000000000002,208.0,195.0,5,5,177.0,197.0
2023-05-28,Smartphone,176,8,203,1,142,0,134,0,134.0,142.0,121.8,5,6,181.0,187.0
2023-05-29,Smartphone,194,5,192,1,209,0,173,0,173.0,209.0,115.19999999999999,5,0,176.0,180.0
2023-05-30,Smartphone,176,6,190,0,218,0,143,0,143.0,218.0,190.0,5,1,194.0,179.0
2023-05-31,Smartphone,194,2,121,0,182,0,95,0,95.0,182.0,121.0,5,2,176.0,176.0
2023-06-01,Smartphone,172,3,139,0,207,0,167,0,167.0,207.0,139.0,6,3,194.0,200.0
2023-06-02,Smartphone,173,8,167,1,182,0,173,0,173.0,182.0,100.2,6,4,172.0,177.0
2023-06-03,Smartphone,171,2,215,0,139,0,133,1,106.4,139.0,215.0,6,5,173.0,181.0
2023-06-04,Smartphone,174,7,184,0,162,0,115,0,115.0,162.0,184.0,6,6,171.0,176.0
2023-06-05,Smartphone,163,2,211,0,180,0,103,0,103.0,180.0,211.0,6,0,174.0,194.0
2023-06-06,Smartphone,162,3,131,0,149,0,125,1,100.0,149.0,131.0,6,1,163.0,176.0
2023-06-07,Smartphone,176,2,150,0,154,0,175,0,175.0,154.0,150.0,6,2,162.0,194.0
2023-06-08,Smartphone,183,7,183,0,216,0,149,0,149.0,216.0,183.0,6,3,176.0,172.0
2023-06-09,Smartphone,182,5,245,0,192,0,99,0,99.0,192.0,245.0,6,4,183.0,173.0
2023-06-10,Smartphone,189,2,182,0,197,0,110,0,110.0,197.0,182.0,6,5,182.0,171.0
2023-06-11,Smartphone,183,5,101,0,145,1,122,0,122.0,101.5,101.0,6,6,189.0,174.0
2023-06-12,Smartphone,164,4,232,0,193,0,179,0,179.0,193.0,232.0,6,0,183.0,163.0
2023-06-13,Smartphone,162,4,146,0,120,0,154,0,154.0,120.0,146.0,6,1,164.0,162.0
2023-06-14,Smartphone,171,2,235,0,222,0,179,0,179.0,222.0,235.0,6,2,162.0,176.0
2023-06-15,Smartphone,167,3,197,0,142,0,98,0,98.0,142.0,197.0,6,3,171.0,183.0
2023-06-16,Smartphone,181,5,210,0,198,0,134,1,107.2,198.0,210.0,6,4,167.0,182.0
2023-06-17,Smartphone,187,3,164,0,137,0,112,0,112.0,137.0,164.0,6,5,181.0,189.0
2023-06-18,Smartphone,163,6,127,0,121,1,161,0,161.0,84.69999999999999,127.0,6,6,187.0,183.0
2023-06-19,Smartphone,162,7,244,0,123,1,149,1,119.2,86.1,244.0,6,0,163.0,164.0
2023-06-20,Smartphone,165,3,246,0,230,1,169,0,169.0,161.0,246.0,6,1,162.0,162.0
2023-06-21,Smartphone,168,3,139,0,233,0,96,1,76.80000000000001,233.0,139.0,6,2,165.0,171.0
2023-06-22,Smartphone,179,7,230,0,200,0,98,0,98.0,200.0,230.0,6,3,168.0,167.0
2023-06-23,Smartphone,179,9,236,1,220,0,136,0,136.0,220.0,141.6,6,4,179.0,181.0
2023-06-24,Smartphone,169,3,162,0,208,0,99,0,99.0,208.0,162.0,6,5,179.0,187.0
2023-06-25,Smartphone,168,7,184,0,136,0,137,1,109.60000000000001,136.0,184.0,6,6,169.0,163.0
2023-06-26,Smartphone,174,3,122,0,237,0,176,0,176.0,237.0,122.0,6,0,168.0,162.0
2023-06-27,Smartphone,196,2,212,0,193,0,160,0,160.0,193.0,212.0,6,1,174.0,165.0
2023-06-28,Smartphone,195,7,156,1,171,0,142,0,142.0,171.0,93.6,6,2,196.0,168.0
2023-06-29,Smartphone,187,10,249,1,236,0,109,0,109.0,236.0,149.4,6,3,195.0,179.0
2023-06-30,Smartphone,182,7,226,0,241,0,158,0,158.0,241.0,226.0,6,4,187.0,179.0
2023-07-01,Smartphone,204,7,228,0,242,0,158,0,158.0,242.0,228.0,7,5,182.0,169.0
2023-07-02,Smartphone,188,6,148,1,173,0,91,0,91.0,173.0,88.8,7,6,204.0,168.0
2023-07-03,Smartphone,195,2,192,0,247,0,110,0,110.0,247.0,192.0,7,0,188.0,174.0
2023-07-04,Smartphone,197,3,227,0,226,0,171,1,136.8,226.0,227.0,7,1,195.0,196.0
2023-07-05,Smartphone,210,6,178,0,177,0,101,0,101.0,177.0,178.0,7,2,197.0,195.0
2023-07-06,Smartphone,196,5,174,0,171,0,127,0,127.0,171.0,174.0,7,3,210.0,187.0
2023-07-07,Smartphone,216,2,235,0,147,0,167,0,167.0,147.0,235.0,7,4,196.0,182.0
2023-07-08,Smartphone,203,5,108,0,154,0,156,0,156.0,154.0,108.0,7,5,216.0,204.0
2023-07-09,Smartphone,211,4,156,0,241,0,120,1,96.0,241.0,156.0,7,6,203.0,188.0
2023-07-10,Smartphone,201,7,212,0,157,0,137,0,137.0,157.0,212.0,7,0,211.0,195.0
2023-07-11,Smartphone,213,7,183,0,242,0,170,0,170.0,242.0,183.0,7,1,201.0,197.0
2023-07-12,Smartphone,218,3,233,0,231,0,164,0,164.0,231.0,233.0,7,2,213.0,210.0
2023-07-13,Smartphone,229,9,130,1,206,0,118,0,118.0,206.0,78.0,7,3,218.0,196.0
2023-07-14,Smartphone,206,7,213,0,126,0,170,0,170.0,126.0,213.0,7,4,229.0,216.0
2023-07-15,Smartphone,234,3,173,0,152,0,102,0,102.0,152.0,173.0,7,5,206.0,203.0
2023-07-16,Smartphone,210,7,212,0,192,0,153,0,153.0,192.0,212.0,7,6,234.0,211.0
2023-07-17,Smartphone,230,4,188,0,246,0,142,0,142.0,246.0,188.0,7,0,210.0,201.0
2023-07-18,Smartphone,216,2,218,0,121,0,166,1,132.8,121.0,218.0,7,1,230.0,213.0
2023-07-19,Smartphone,223,6,135,1,206,1,117,0,117.0,144.2,81.0,7,2,216.0,218.0
2023-07-20,Smartphone,227,6,187,0,190,0,146,1,116.80000000000001,190.0,187.0,7,3,223.0,229.0
2023-07-21,Smartphone,224,2,163,0,235,0,176,1,140.8,235.0,163.0,7,4,227.0,206.0
2023-07-22,Smartphone,244,5,230,0,178,0,141,0,141.0,178.0,230.0,7,5,224.0,234.0
2023-07-23,Smartphone,220,3,138,0,244,0,124,0,124.0,244.0,138.0,7,6,244.0,210.0
2023-07-24,Smartphone,230,7,145,1,144,0,122,0,122.0,144.0,87.0,7,0,220.0,230.0
2023-07-25,Smartphone,225,6,108,0,157,1,162,0,162.0,109.89999999999999,108.0,7,1,230.0,216.0
2023-07-26,Smartphone,246,2,175,0,195,0,98,0,98.0,195.0,175.0,7,2,225.0,223.0
2023-07-27,Smartphone,239,9,233,1,240,0,156,0,156.0,240.0,139.79999999999998,7,3,246.0,227.0
2023-07-28,Smartphone,243,7,230,0,186,0,125,0,125.0,186.0,230.0,7,4,239.0,224.0
2023-07-29,Smartphone,250,6,168,0,180,0,133,0,133.0,180.0,168.0,7,5,243.0,244.0
2023-07-30,Smartphone,224,5,180,0,131,0,149,0,149.0,131.0,180.0,7,6,250.0,220.0
2023-07-31,Smartphone,233,9,115,1,208,0,176,0,176.0,208.0,69.0,7,0,224.0,230.0
2023-08-01,Smartphone,236,2,215,0,239,0,179,0,179.0,239.0,215.0,8,1,233.0,225.0
2023-08-02,Smartphone,253,2,131,0,212,0,129,0,129.0,212.0,131.0,8,2,236.0,246.0
2023-08-03,Smartphone,248,6,184,1,234,1,154,1,123.2,163.79999999999998,110.39999999999999,8,3,253.0,239.0
2023-08-04,Smartphone,245,7,202,1,202,0,107,0,107.0,202.0,121.19999999999999,8,4,248.0,243.0
2023-08-05,Smartphone,229,6,151,0,142,0,155,0,155.0,142.0,151.0,8,5,245.0,250.0
2023-08-06,Smartphone,251,2,213,0,159,0,131,0,131.0,159.0,213.0,8,6,229.0,224.0
2023-08-07,Smartphone,251,3,247,0,214,0,94,0,94.0,214.0,247.0,8,0,251.0,233.0
2023-08-08,Smartphone,235,5,231,0,239,1,147,0,147.0,167.29999999999998,231.0,8,1,251.0,236.0
2023-08-09,Smartphone,234,3,209,0,180,0,97,0,97.0,180.0,209.0,8,2,235.0,253.0
2023-08-10,Smartphone,241,8,203,1,176,1,101,0,101.0,123.19999999999999,121.8,8,3,234.0,248.0
2023-08-11,Smartphone,251,2,158,0,167,1,151,0,151.0,116.89999999999999,158.0,8,4,241.0,245.0
2023-08-12,Smartphone,250,6,193,1,165,1,179,0,179.0,115.49999999999999,115.8,8,5,251.0,229.0
2023-08-13,Smartphone,230,7,198,0,147,1,179,0,179.0,102.89999999999999,198.0,8,6,250.0,251.0
2023-08-14,Smartphone,244,6,242,0,211,0,154,0,154.0,211.0,242.0,8,0,230.0,251.0
2023-08-15,Smartphone,240,6,119,1,178,0,90,0,90.0,178.0,71.39999999999999,8,1,244.0,235.0
2023-08-16,Smartphone,244,5,199,0,213,1,91,0,91.0,149.1,199.0,8,2,240.0,234.0
2023-08-17,Smartphone,240,7,211,0,205,0,133,0,133.0,205.0,211.0,8,3,244.0,241.0
2023-08-18,Smartphone,221,4,144,0,247,0,111,0,111.0,247.0,144.0,8,4,240.0,251.0
2023-08-19,Smartphone,243,7,193,0,224,1,136,0,136.0,156.79999999999998,193.0,8,5,221.0,250.0
2023-08-20,Smartphone,212,4,166,0,246,0,99,0,99.0,246.0,166.0,8,6,243.0,230.0
2023-08-21,Smartphone,211,7,102,1,123,0,151,0,151.0,123.0,61.199999999999996,8,0,212.0,244.0
2023-08-22,Smartphone,234,7,124,0,220,0,95,0,95.0,220.0,124.0,8,1,211.0,240.0
2023-08-23,Smartphone,234,4,110,0,140,1,132,0,132.0,98.0,110.0,8,2,234.0,244.0
2023-08-24,Smartphone,236,4,117,0,211,0,107,0,107.0,211.0,117.0,8,3,234.0,240.0
2023-08-25,Smartphone,230,4,126,0,212,0,149,0,149.0,212.0,126.0,8,4,236.0,221.0
2023-08-26,Smartphone,223,8,127,1,230,0,157,0,157.0,230.0,76.2,8,5,230.0,243.0
2023-08-27,Smartphone,215,7,118,0,148,1,129,0,129.0,103.6,118.0,8,6,223.0,212.0
2023-08-28,Smartphone,210,7,199,0,230,0,155,0,155.0,230.0,199.0,8,0,215.0,211.0
2023-08-29,Smartphone,202,5,178,0,163,0,107,0,107.0,163.0,178.0,8,1,210.0,234.0
2023-08-30,Smartphone,205,3,176,0,162,1,176,0,176.0,113.39999999999999,176.0,8,2,202.0,234.0
2023-08-31,Smartphone,203,3,159,0,151,0,110,0,110.0,151.0,159.0,8,3,205.0,236.0
2023-09-01,Smartphone,204,5,205,0,199,0,102,1,81.60000000000001,199.0,205.0,9,4,203.0,230.0
2023-09-02,Smartphone,221,5,243,1,167,1,157,0,157.0,116.89999999999999,145.79999999999998,9,5,204.0,223.0
2023-09-03,Smartphone,202,6,121,0,150,0,123,0,123.0,150.0,121.0,9,6,221.0,215.0
2023-09-04,Smartphone,222,8,138,1,220,0,130,0,130.0,220.0,82.8,9,0,202.0,210.0
2023-09-05,Smartphone,196,6,237,0,201,0,139,0,139.0,201.0,237.0,9,1,222.0,202.0
2023-09-06,Smartphone,192,5,195,0,166,0,141,0,141.0,166.0,195.0,9,2,196.0,205.0
2023-09-07,Smartphone,209,6,186,0,120,0,97,0,97.0,120.0,186.0,9,3,192.0,203.0
2023-09-08,Smartphone,199,4,178,0,224,0,177,0,177.0,224.0,178.0,9,4,209.0,204.0
2023-09-09,Smartphone,200,9,169,1,182,1,116,1,92.80000000000001,127.39999999999999,101.39999999999999,9,5,199.0,221.0
2023-09-10,Smartphone,212,7,115,0,233,0,170,0,170.0,233.0,115.0,9,6,200.0,202.0
2023-09-11,Smartphone,202,6,207,0,196,0,151,1,120.80000000000001,196.0,207.0,9,0,212.0,222.0
2023-09-12,Smartphone,214,6,208,0,195,0,113,0,113.0,195.0,208.0,9,1,202.0,196.0
2023-09-13,Smartphone,209,10,110,1,135,0,110,0,110.0,135.0,66.0,9,2,214.0,192.0
2023-09-14,Smartphone,211,7,151,1,137,1,137,1,109.60000000000001,95.89999999999999,90.6,9,3,209.0,209.0
2023-09-15,Smartphone,196,2,112,0,217,0,92,0,92.0,217.0,112.0,9,4,211.0,199.0
2023-09-16,Smartphone,207,9,122,1,244,0,108,0,108.0,244.0,73.2,9,5,196.0,200.0
2023-09-17,Smartphone,204,10,192,1,182,0,175,0,175.0,182.0,115.19999999999999,9,6,207.0,212.0
2023-09-18,Smartphone,218,3,173,0,189,0,157,0,157.0,189.0,173.0,9,0,204.0,202.0
2023-09-19,Smartphone,205,7,134,0,222,0,108,0,108.0,222.0,134.0,9,1,218.0,214.0
2023-09-20,Smartphone,215,4,130,0,174,0,155,0,155.0,174.0,130.0,9,2,205.0,209.0
2023-09-21,Smartphone,209,6,189,1,175,1,164,1,131.20000000000002,122.49999999999999,113.39999999999999,9,3,215.0,211.0
2023-09-22,Smartphone,202,7,200,0,237,0,163,0,163.0,237.0,200.0,9,4,209.0,196.0
2023-09-23,Smartphone,221,5,216,0,120,0,92,1,73.60000000000001,120.0,216.0,9,5,202.0,207.0
2023-09-24,Smartphone,199,7,226,0,145,0,131,0,131.0,145.0,226.0,9,6,221.0,204.0
2023-09-25,Smartphone,195,4,173,0,144,0,139,0,139.0,144.0,173.0,9,0,199.0,218.0
2023-09-26,Smartphone,197,7,176,0,178,1,177,0,177.0,124.6,176.0,9,1,195.0,205.0
2023-09-27,Smartphone,212,6,170,0,156,0,163,0,163.0,156.0,170.0,9,2,197.0,215.0
2023-09-28,Smartphone,202,3,211,0,176,0,112,0,112.0,176.0,211.0,9,3,212.0,209.0
2023-09-29,Smartphone,215,2,191,0,220,0,110,0,110.0,220.0,191.0,9,4,202.0,202.0
2023-09-30,Smartphone,224,7,112,0,193,0,124,0,124.0,193.0,112.0,9,5,215.0,221.0
2023-10-01,Smartphone,218,4,246,0,233,0,96,0,96.0,233.0,246.0,10,6,224.0,199.0
2023-10-02,Smartphone,230,5,191,0,207,0,126,0,126.0,207.0,191.0,10,0,218.0,195.0
2023-10-03,Smartphone,222,7,186,0,247,0,97,1,77.60000000000001,247.0,186.0,10,1,230.0,197.0
2023-10-04,Smartphone,208,4,163,0,242,0,137,0,137.0,242.0,163.0,10,2,222.0,212.0
2023-10-05,Smartphone,210,4,146,0,210,0,113,0,113.0,210.0,146.0,10,3,208.0,202.0
2023-10-06,Smartphone,238,6,176,0,219,1,142,0,142.0,153.29999999999998,176.0,10,4,210.0,215.0
2023-10-07,Smartphone,234,9,137,1,136,0,156,0,156.0,136.0,82.2,10,5,238.0,224.0
2023-10-08,Smartphone,237,4,100,0,227,1,110,0,110.0,158.89999999999998,100.0,10,6,234.0,218.0
2023-10-09,Smartphone,221,4,179,0,189,0,125,0,125.0,189.0,179.0,10,0,237.0,230.0
2023-10-10,Smartphone,219,3,129,0,211,0,177,0,177.0,211.0,129.0,10,1,221.0,222.0
2023-10-11,Smartphone,221,2,151,0,218,0,167,0,167.0,218.0,151.0,10,2,219.0,208.0
2023-10-12,Smartphone,241,7,108,0,234,0,133,0,133.0,234.0,108.0,10,3,221.0,210.0
2023-10-13,Smartphone,254,6,155,1,138,0,149,0,149.0,138.0,93.0,10,4,241.0,238.0
2023-10-14,Smartphone,228,7,183,0,133,0,172,0,172.0,133.0,183.0,10,5,254.0,234.0
2023-10-15,Smartphone,249,5,201,1,127,0,172,0,172.0,127.0,120.6,10,6,228.0,237.0
2023-10-16,Smartphone,241,6,135,1,120,0,115,0,115.0,120.0,81.0,10,0,249.0,221.0
2023-10-17,Smartphone,257,10,177,1,164,0,91,1,72.8,164.0,106.2,10,1,241.0,219.0
2023-10-18,Smartphone,239,2,155,0,174,1,119,0,119.0,121.8,155.0,10,2,257.0,221.0
2023-10-19,Smartphone,258,3,162,0,133,1,109,0,109.0,93.1,162.0,10,3,239.0,241.0
2023-10-20,Smartphone,241,2,223,0,164,1,112,0,112.0,114.8,223.0,10,4,258.0,254.0
2023-10-21,Smartphone,261,6,195,1,128,0,93,0,93.0,128.0,117.0,10,5,241.0,228.0
2023-10-22,Smartphone,251,6,137,0,245,0,109,0,109.0,245.0,137.0,10,6,261.0,249.0
2023-10-23,Smartphone,265,3,221,0,136,0,92,0,92.0,136.0,221.0,10,0,251.0,241.0
2023-10-24,Smartphone,270,4,204,0,244,1,171,0,171.0,170.79999999999998,204.0,10,1,265.0,257.0
2023-10-25,Smartphone,261,5,103,0,145,0,136,0,136.0,145.0,103.0,10,2,270.0,239.0
2023-10-26,Smartphone,251,5,112,1,161,0,179,0,179.0,161.0,67.2,10,3,261.0,258.0
2023-10-27,Smartphone,270,6,205,1,126,0,124,0,124.0,126.0,123.0,10,4,251.0,241.0
2023-10-28,Smartphone,252,4,227,0,134,0,102,0,102.0,134.0,227.0,10,5,270.0,261.0
2023-10-29,Smartphone,268,6,121,0,226,0,167,0,167.0,226.0,121.0,10,6,252.0,251.0
2023-10-30,Smartphone,251,7,155,1,227,0,92,1,73.60000000000001,227.0,93.0,10,0,268.0,265.0
2023-10-31,Smartphone,256,8,222,1,224,0,157,0,157.0,224.0,133.2,10,1,251.0,270.0
2023-11-01,Smartphone,272,3,145,0,128,0,90,0,90.0,128.0,145.0,11,2,256.0,261.0
2023-11-02,Smartphone,262,5,228,0,183,0,122,0,122.0,183.0,228.0,11,3,272.0,251.0
2023-11-03,Smartphone,267,5,208,0,191,1,141,0,141.0,133.7,208.0,11,4,262.0,270.0
2023-11-04,Smartphone,268,6,133,0,215,0,116,0,116.0,215.0,133.0,11,5,267.0,252.0
2023-11-05,Smartphone,253,3,248,0,154,1,175,1,140.0,107.8,248.0,11,6,268.0,268.0
2023-11-06,Smartphone,261,7,229,0,217,0,165,0,165.0,217.0,229.0,11,0,253.0,251.0
2023-11-07,Smartphone,280,6,187,0,144,0,99,0,99.0,144.0,187.0,11,1,261.0,256.0
2023-11-08,Smartphone,279,3,211,0,127,1,107,0,107.0,88.89999999999999,211.0,11,2,280.0,272.0
2023-11-09,Smartphone,257,2,113,0,186,0,106,0,106.0,186.0,113.0,11,3,279.0,262.0
2023-11-10,Smartphone,267,5,191,1,169,0,147,0,147.0,169.0,114.6,11,4,257.0,267.0
2023-11-11,Smartphone,279,6,198,1,249,0,95,0,95.0,249.0,118.8,11,5,267.0,268.0
2023-11-12,Smartphone,253,3,191,0,205,0,125,0,125.0,205.0,191.0,11,6,279.0,253.0
2023-11-13,Smartphone,269,5,101,0,179,0,114,0,114.0,179.0,101.0,11,0,253.0,261.0
2023-11-14,Smartphone,277,3,186,0,200,0,103,0,103.0,200.0,186.0,11,1,269.0,280.0
2023-11-15,Smartphone,275,3,143,0,193,0,163,0,163.0,193.0,143.0,11,2,277.0,279.0
2023-11-16,Smartphone,251,6,206,0,230,0,94,0,94.0,230.0,206.0,11,3,275.0,257.0
2023-11-17,Smartphone,265,3,248,0,188,0,158,1,126.4,188.0,248.0,11,4,251.0,267.0
2023-11-18,Smartphone,271,3,109,0,167,0,177,0,177.0,167.0,109.0,11,5,265.0,279.0
2023-11-19,Smartphone,247,5,173,1,166,0,115,0,115.0,166.0,103.8,11,6,271.0,253.0
2023-11-20,Smartphone,261,6,211,0,133,0,149,0,149.0,133.0,211.0,11,0,247.0,269.0
2023-11-21,Smartphone,261,7,143,0,236,0,164,0,164.0,236.0,143.0,11,1,261.0,277.0
2023-11-22,Smartphone,247,7,138,0,230,0,153,0,153.0,230.0,138.0,11,2,261.0,275.0
2023-11-23,Smartphone,259,5,174,1,133,0,95,0,95.0,133.0,104.39999999999999,11,3,247.0,251.0
2023-11-24,Smartphone,246,6,129,0,152,0,169,0,169.0,152.0,129.0,11,4,259.0,265.0
2023-11-25,Smartphone,237,4,153,0,199,0,162,0,162.0,199.0,153.0,11,5,246.0,271.0
2023-11-26,Smartphone,243,3,175,0,228,0,161,0,161.0,228.0,175.0,11,6,237.0,247.0
2023-11-27,Smartphone,240,6,240,0,219,0,165,1,132.0,219.0,240.0,11,0,243.0,261.0
2023-11-28,Smartphone,250,5,184,0,128,1,178,0,178.0,89.6,184.0,11,1,240.0,261.0
2023-11-29,Smartphone,239,9,205,1,237,1,152,0,152.0,165.89999999999998,123.0,11,2,250.0,247.0
2023-11-30,Smartphone,230,3,208,0,233,0,143,0,143.0,233.0,208.0,11,3,239.0,259.0
2023-12-01,Smartphone,239,6,182,0,225,1,166,1,132.8,157.5,182.0,12,4,230.0,246.0
2023-12-02,Smartphone,255,6,162,1,123,0,165,0,165.0,123.0,97.2,12,5,239.0,237.0
2023-12-03,Smartphone,250,3,116,0,195,0,93,0,93.0,195.0,116.0,12,6,255.0,243.0
2023-12-04,Smartphone,249,3,148,0,160,0,133,0,133.0,160.0,148.0,12,0,250.0,240.0
2023-12-05,Smartphone,241,4,212,0,180,1,165,0,165.0,125.99999999999999,212.0,12,1,249.0,250.0
2023-12-06,Smartphone,245,2,136,0,142,0,151,1,120.80000000000001,142.0,136.0,12,2,241.0,239.0
2023-12-07,Smartphone,251,3,168,0,127,0,105,0,105.0,127.0,168.0,12,3,245.0,230.0
2023-12-08,Smartphone,230,10,184,1,132,0,142,1,113.60000000000001,132.0,110.39999999999999,12,4,251.0,239.0
2023-12-09,Smartphone,222,7,196,0,205,1,98,1,78.4,143.5,196.0,12,5,230.0,255.0
2023-12-10,Smartphone,225,10,215,1,226,0,130,0,130.0,226.0,129.0,12,6,222.0,250.0
2023-12-11,Smartphone,245,7,139,1,196,0,164,0,164.0,196.0,83.39999999999999,12,0,225.0,249.0
2023-12-12,Smartphone,233,9,165,1,197,1,144,0,144.0,137.89999999999998,99.0,12,1,245.0,241.0
2023-12-13,Smartphone,242,3,216,0,182,0,142,1,113.60000000000001,182.0,216.0,12,2,233.0,245.0
2023-12-14,Smartphone,232,3,156,0,153,0,161,0,161.0,153.0,156.0,12,3,242.0,251.0
2023-12-15,Smartphone,241,5,126,0,248,0,123,0,123.0,248.0,126.0,12,4,232.0,230.0
2023-12-16,Smartphone,235,7,126,0,161,1,108,0,108.0,112.69999999999999,126.0,12,5,241.0,222.0
2023-12-17,Smartphone,243,7,103,0,169,0,171,0,171.0,169.0,103.0,12,6,235.0,225.0
2023-12-18,Smartphone,232,6,207,0,128,0,170,1,136.0,128.0,207.0,12,0,243.0,245.0
2023-12-19,Smartphone,217,5,218,0,238,0,98,0,98.0,238.0,218.0,12,1,232.0,233.0
2023-12-20,Smartphone,216,3,150,0,199,0,139,0,139.0,199.0,150.0,12,2,217.0,242.0
2023-12-21,Smartphone,232,2,120,0,153,0,125,0,125.0,153.0,120.0,12,3,216.0,232.0
2023-12-22,Smartphone,246,7,116,0,240,0,161,0,161.0,240.0,116.0,12,4,232.0,241.0
2023-12-23,Smartphone,229,4,239,0,223,0,106,0,106.0,223.0,239.0,12,5,246.0,235.0
2023-12-24,Smartphone,222,9,134,1,161,0,173,0,173.0,161.0,80.39999999999999,12,6,229.0,243.0
2023-12-25,Smartphone,223,7,140,0,212,1,155,0,155.0,148.39999999999998,140.0,12,0,222.0,232.0
2023-12-26,Smartphone,246,8,188,1,121,0,98,0,98.0,121.0,112.8,12,1,223.0,217.0
2023-12-27,Smartphone,243,7,163,0,171,0,127,1,101.60000000000001,171.0,163.0,12,2,246.0,216.0
2023-12-28,Smartphone,230,2,158,0,233,0,94,0,94.0,233.0,158.0,12,3,243.0,232.0
2023-12-29,Smartphone,231,5,152,0,161,1,125,0,125.0,112.69999999999999,152.0,12,4,230.0,246.0
2023-12-30,Smartphone,226,4,196,0,138,0,162,0,162.0,138.0,196.0,12,5,231.0,229.0
2023-12-31,Smartphone,244,5,202,0,143,0,93,0,93.0,143.0,202.0,12,6,226.0,222.0
2023-01-08,Smartwatch,215,2,187,0,244,0,117,0,117.0,244.0,187.0,1,6,193.0,189.0
2023-01-09,Smartwatch,218,5,192,0,184,0,95,0,95.0,184.0,192.0,1,0,215.0,201.0
2023-01-10,Smartwatch,197,2,108,0,143,0,101,0,101.0,143.0,108.0,1,1,218.0,197.0
2023-01-11,Smartwatch,199,9,197,1,234,1,137,0,137.0,163.79999999999998,118.19999999999999,1,2,197.0,191.0
2023-01-12,Smartwatch,225,4,232,0,126,1,163,1,130.4,88.19999999999999,232.0,1,3,199.0,189.0
2023-01-13,Smartwatch,228,7,155,1,120,0,160,0,160.0,120.0,93.0,1,4,225.0,195.0
2023-01-14,Smartwatch,218,5,199,1,170,0,167,1,133.6,170.0,119.39999999999999,1,5,228.0,193.0
2023-01-15,Smartwatch,231,5,101,0,219,0,156,0,156.0,219.0,101.0,1,6,218.0,215.0
2023-01-16,Smartwatch,229,10,173,1,168,0,108,0,108.0,168.0,103.8,1,0,231.0,218.0
2023-01-17,Smartwatch,223,2,111,0,148,0,143,1,114.4,148.0,111.0,1,1,229.0,197.0
2023-01-18,Smartwatch,224,6,238,0,225,0,122,0,122.0,225.0,238.0,1,2,223.0,199.0
2023-01-19,Smartwatch,227,3,183,0,198,0,140,0,140.0,198.0,183.0,1,3,224.0,225.0
2023-01-20,Smartwatch,212,3,223,0,225,1,113,0,113.0,157.5,223.0,1,4,227.0,228.0
2023-01-21,Smartwatch,226,4,149,0,127,0,159,0,159.0,127.0,149.0,1,5,212.0,218.0
2023-01-22,Smartwatch,236,5,108,0,148,1,133,0,133.0,103.6,108.0,1,6,226.0,231.0
2023-01-23,Smartwatch,219,3,209,0,249,0,157,0,157.0,249.0,209.0,1,0,236.0,229.0
2023-01-24,Smartwatch,238,5,220,0,177,0,145,0,145.0,177.0,220.0,1,1,219.0,223.0
2023-01-25,Smartwatch,232,3,221,0,122,0,108,0,108.0,122.0,221.0,1,2,238.0,224.0
2023-01-26,Smartwatch,231,2,213,0,204,0,100,1,80.0,204.0,213.0,1,3,232.0,227.0
2023-01-27,Smartwatch,216,7,226,1,230,1,101,0,101.0,161.0,135.6,1,4,231.0,212.0
2023-01-28,Smartwatch,211,8,235,1,146,0,114,0,114.0,146.0,141.0,1,5,216.0,226.0
2023-01-29,Smartwatch,215,4,134,0,215,0,92,0,92.0,215.0,134.0,1,6,211.0,236.0
2023-01-30,Smartwatch,219,8,149,1,137,0,112,0,112.0,137.0,89.39999999999999,1,0,215.0,219.0
2023-01-31,Smartwatch,221,6,111,0,225,0,131,0,131.0,225.0,111.0,1,1,219.0,238.0
2023-02-01,Smartwatch,235,6,168,0,218,0,129,0,129.0,218.0,168.0,2,2,221.0,232.0
2023-02-02,Smartwatch,222,2,127,0,170,1,100,0,100.0,118.99999999999999,127.0,2,3,235.0,231.0
2023-02-03,Smartwatch,210,3,175,0,186,0,116,0,116.0,186.0,175.0,2,4,222.0,216.0
2023-02-04,Smartwatch,224,8,155,1,249,0,102,0,102.0,249.0,93.0,2,5,210.0,211.0
2023-02-05,Smartwatch,220,7,158,0,162,0,136,0,136.0,162.0,158.0,2,6,224.0,215.0
2023-02-06,Smartwatch,231,7,144,0,197,0,110,0,110.0,197.0,144.0,2,0,220.0,219.0
2023-02-07,Smartwatch,217,3,213,0,225,0,120,0,120.0,225.0,213.0,2,1,231.0,221.0
2023-02-08,Smartwatch,230,10,152,1,188,0,126,0,126.0,188.0,91.2,2,2,217.0,235.0
2023-02-09,Smartwatch,211,4,167,0,150,0,178,0,178.0,150.0,167.0,2,3,230.0,222.0
2023-02-10,Smartwatch,227,6,242,0,204,0,149,0,149.0,204.0,242.0,2,4,211.0,210.0
2023-02-11,Smartwatch,225,7,173,0,170,1,118,0,118.0,118.99999999999999,173.0,2,5,227.0,224.0
2023-02-12,Smartwatch,213,4,186,0,243,1,179,0,179.0,170.1,186.0,2,6,225.0,220.0
2023-02-13,Smartwatch,222,6,240,0,231,1,172,1,137.6,161.7,240.0,2,0,213.0,231.0
2023-02-14,Smartwatch,218,6,231,0,168,0,176,0,176.0,168.0,231.0,2,1,222.0,217.0
2023-02-15,Smartwatch,210,5,219,1,152,1,148,0,148.0,106.39999999999999,131.4,2,2,218.0,230.0
2023-02-16,Smartwatch,217,3,171,0,152,1,168,0,168.0,106.39999999999999,171.0,2,3,210.0,211.0
2023-02-17,Smartwatch,222,4,207,0,193,0,106,0,106.0,193.0,207.0,2,4,217.0,227.0
2023-02-18,Smartwatch,201,6,245,0,131,0,100,0,100.0,131.0,245.0,2,5,222.0,225.0
2023-02-19,Smartwatch,205,7,135,0,180,0,158,0,158.0,180.0,135.0,2,6,201.0,213.0
2023-02-20,Smartwatch,217,6,107,0,165,1,103,0,103.0,115.49999999999999,107.0,2,0,205.0,222.0
2023-02-21,Smartwatch,203,3,129,0,210,0,161,0,161.0,210.0,129.0,2,1,217.0,218.0
2023-02-22,Smartwatch,211,8,244,1,225,0,105,0,105.0,225.0,146.4,2,2,203.0,210.0
2023-02-23,Smartwatch,188,9,183,1,220,0,145,0,145.0,220.0,109.8,2,3,211.0,217.0
2023-02-24,Smartwatch,184,3,174,0,178,1,137,0,137.0,124.6,174.0,2,4,188.0,222.0
2023-02-25,Smartwatch,189,7,233,0,227,0,125,0,125.0,227.0,233.0,2,5,184.0,201.0
2023-02-26,Smartwatch,197,6,153,0,205,0,127,0,127.0,205.0,153.0,2,6,189.0,205.0
2023-02-27,Smartwatch,182,5,124,0,240,1,151,0,151.0,168.0,124.0,2,0,197.0,217.0
2023-02-28,Smartwatch,207,3,159,0,186,1,99,0,99.0,130.2,159.0,2,1,182.0,203.0
2023-03-01,Smartwatch,197,2,214,0,125,0,118,0,118.0,125.0,214.0,3,2,207.0,211.0
2023-03-02,Smartwatch,192,10,106,1,163,0,133,0,133.0,163.0,63.599999999999994,3,3,197.0,188.0
2023-03-03,Smartwatch,191,3,219,0,143,0,102,0,102.0,143.0,219.0,3,4,192.0,184.0
2023-03-04,Smartwatch,199,5,133,0,145,0,171,0,171.0,145.0,133.0,3,5,191.0,189.0
2023-03-05,Smartwatch,197,2,229,0,227,0,169,1,135.20000000000002,227.0,229.0,3,6,199.0,197.0
2023-03-06,Smartwatch,188,9,168,1,223,1,146,0,146.0,156.1,100.8,3,0,197.0,182.0
2023-03-07,Smartwatch,200,5,238,0,167,0,159,0,159.0,167.0,238.0,3,1,188.0,207.0
2023-03-08,Smartwatch,202,5,180,0,193,0,137,0,137.0,193.0,180.0,3,2,200.0,197.0
2023-03-09,Smartwatch,196,3,109,0,125,0,122,0,122.0,125.0,109.0,3,3,202.0,192.0
2023-03-10,Smartwatch,187,2,158,0,246,1,120,0,120.0,172.2,158.0,3,4,196.0,191.0
2023-03-11,Smartwatch,197,2,111,0,161,0,161,0,161.0,161.0,111.0,3,5,187.0,199.0
2023-03-12,Smartwatch,176,5,121,1,127,0,151,0,151.0,127.0,72.6,3,6,197.0,197.0
2023-03-13,Smartwatch,187,7,118,0,246,0,115,0,115.0,246.0,118.0,3,0,176.0,188.0
2023-03-14,Smartwatch,200,8,203,1,125,0,111,0,111.0,125.0,121.8,3,1,187.0,200.0
2023-03-15,Smartwatch,189,7,189,0,131,1,157,0,157.0,91.69999999999999,189.0,3,2,200.0,202.0
2023-03-16,Smartwatch,202,5,119,0,149,0,127,0,127.0,149.0,119.0,3,3,189.0,196.0
2023-03-17,Smartwatch,200,5,113,0,177,0,90,0,90.0,177.0,113.0,3,4,202.0,187.0
2023-03-18,Smartwatch,196,7,249,0,217,1,141,0,141.0,151.89999999999998,249.0,3,5,200.0,197.0
2023-03-19,Smartwatch,185,2,146,0,220,0,145,0,145.0,220.0,146.0,3,6,196.0,176.0
2023-03-20,Smartwatch,182,2,189,0,162,0,97,0,97.0,162.0,189.0,3,0,185.0,187.0
2023-03-21,Smartwatch,195,7,134,1,205,0,116,0,116.0,205.0,80.39999999999999,3,1,182.0,200.0
2023-03-22,Smartwatch,204,3,228,0,183,1,175,0,175.0,128.1,228.0,3,2,195.0,189.0
2023-03-23,Smartwatch,196,5,205,0,163,0,94,0,94.0,163.0,205.0,3,3,204.0,202.0
2023-03-24,Smartwatch,195,5,206,0,181,0,170,1,136.0,181.0,206.0,3,4,196.0,200.0
2023-03-25,Smartwatch,200,2,157,0,142,0,96,0,96.0,142.0,157.0,3,5,195.0,196.0
2023-03-26,Smartwatch,215,3,170,0,150,0,127,0,127.0,150.0,170.0,3,6,200.0,185.0
2023-03-27,Smartwatch,202,6,104,0,232,0,136,0,136.0,232.0,104.0,3,0,215.0,182.0
2023-03-28,Smartwatch,208,4,162,0,181,1,132,0,132.0,126.69999999999999,162.0,3,1,202.0,195.0
2023-03-29,Smartwatch,218,2,157,0,159,0,146,0,146.0,159.0,157.0,3,2,208.0,204.0
2023-03-30,Smartwatch,200,6,246,1,232,0,149,1,119.2,232.0,147.6,3,3,218.0,196.0
2023-03-31,Smartwatch,199,5,111,0,246,0,91,0,91.0,246.0,111.0,3,4,200.0,195.0
2023-04-01,Smartwatch,217,9,103,1,207,0,132,0,132.0,207.0,61.8,4,5,199.0,200.0
2023-04-02,Smartwatch,214,3,103,0,153,0,148,0,148.0,153.0,103.0,4,6,217.0,215.0
2023-04-03,Smartwatch,226,4,108,0,221,0,92,0,92.0,221.0,108.0,4,0,214.0,202.0
2023-04-04,Smartwatch,226,10,120,1,222,0,132,0,132.0,222.0,72.0,4,1,226.0,208.0
2023-04-05,Smartwatch,210,7,132,1,125,0,90,0,90.0,125.0,79.2,4,2,226.0,218.0
2023-04-06,Smartwatch,235,10,242,1,229,0,105,0,105.0,229.0,145.2,4,3,210.0,200.0
2023-04-07,Smartwatch,219,7,233,1,208,0,164,0,164.0,208.0,139.79999999999998,4,4,235.0,199.0
2023-04-08,Smartwatch,218,7,183,1,138,1,144,0,144.0,96.6,109.8,4,5,219.0,217.0
2023-04-09,Smartwatch,238,2,223,0,247,0,117,0,117.0,247.0,223.0,4,6,218.0,214.0
2023-04-10,Smartwatch,232,7,152,0,159,0,162,0,162.0,159.0,152.0,4,0,238.0,226.0
2023-04-11,Smartwatch,224,6,161,0,162,0,111,1,88.80000000000001,162.0,161.0,4,1,232.0,226.0
2023-04-12,Smartwatch,241,2,164,0,221,0,138,0,138.0,221.0,164.0,4,2,224.0,210.0
2023-04-13,Smartwatch,246,6,231,0,155,0,128,0,128.0,155.0,231.0,4,3,241.0,235.0
2023-04-14,Smartwatch,252,7,244,0,134,0,127,0,127.0,134.0,244.0,4,4,246.0,219.0
2023-04-15,Smartwatch,236,5,155,0,190,0,113,0,113.0,190.0,155.0,4,5,252.0,218.0
2023-04-16,Smartwatch,250,7,225,0,161,0,172,0,172.0,161.0,225.0,4,6,236.0,238.0
2023-04-17,Smartwatch,244,7,144,0,141,0,155,0,155.0,141.0,144.0,4,0,250.0,232.0
2023-04-18,Smartwatch,241,10,186,1,174,1,121,0,121.0,121.8,111.6,4,1,244.0,224.0
2023-04-19,Smartwatch,250,8,221,1,200,0,137,0,137.0,200.0,132.6,4,2,241.0,241.0
2023-04-20,Smartwatch,256,4,183,0,145,0,131,0,131.0,145.0,183.0,4,3,250.0,246.0
2023-04-21,Smartwatch,236,3,200,0,141,0,166,0,166.0,141.0,200.0,4,4,256.0,252.0
2023-04-22,Smartwatch,243,7,221,0,224,0,168,0,168.0,224.0,221.0,4,5,236.0,236.0
2023-04-23,Smartwatch,237,5,133,0,156,1,132,0,132.0,109.19999999999999,133.0,4,6,243.0,250.0
2023-04-24,Smartwatch,244,2,137,0,201,0,171,0,171.0,201.0,137.0,4,0,237.0,244.0
2023-04-25,Smartwatch,249,7,174,1,147,0,152,0,152.0,147.0,104.39999999999999,4,1,244.0,241.0
2023-04-26,Smartwatch,255,3,223,0,183,0,116,1,92.80000000000001,183.0,223.0,4,2,249.0,250.0
2023-04-27,Smartwatch,252,5,148,1,168,0,128,0,128.0,168.0,88.8,4,3,255.0,256.0
2023-04-28,Smartwatch,242,5,238,0,155,0,179,0,179.0,155.0,238.0,4,4,252.0,236.0
2023-04-29,Smartwatch,253,3,118,0,120,0,96,1,76.80000000000001,120.0,118.0,4,5,242.0,243.0
2023-04-30,Smartwatch,260,5,248,0,152,0,156,0,156.0,152.0,248.0,4,6,253.0,237.0
2023-05-01,Smartwatch,240,5,195,0,142,0,160,0,160.0,142.0,195.0,5,0,260.0,244.0
2023-05-02,Smartwatch,253,5,171,1,183,0,176,0,176.0,183.0,102.6,5,1,240.0,249.0
2023-05-03,Smartwatch,246,3,121,0,249,0,175,0,175.0,249.0,121.0,5,2,253.0,255.0
2023-05-04,Smartwatch,246,6,107,1,249,0,116,0,116.0,249.0,64.2,5,3,246.0,252.0
2023-05-05,Smartwatch,255,5,134,1,193,1,93,0,93.0,135.1,80.39999999999999,5,4,246.0,242.0
2023-05-06,Smartwatch,249,4,222,0,193,0,137,0,137.0,193.0,222.0,5,5,255.0,253.0
2023-05-07,Smartwatch,256,3,138,0,222,1,92,0,92.0,155.39999999999998,138.0,5,6,249.0,260.0
2023-05-08,Smartwatch,246,6,118,0,138,1,117,0,117.0,96.6,118.0,5,0,256.0,240.0
2023-05-09,Smartwatch,244,7,152,0,178,0,120,0,120.0,178.0,152.0,5,1,246.0,253.0
2023-05-10,Smartwatch,240,3,226,0,218,1,175,0,175.0,152.6,226.0,5,2,244.0,246.0
2023-05-11,Smartwatch,240,6,220,0,133,0,110,0,110.0,133.0,220.0,5,3,240.0,246.0
2023-05-12,Smartwatch,253,7,211,0,138,1,176,0,176.0,96.6,211.0,5,4,240.0,255.0
2023-05-13,Smartwatch,258,5,110,0,229,0,178,0,178.0,229.0,110.0,5,5,253.0,249.0
2023-05-14,Smartwatch,233,3,204,0,244,0,109,0,109.0,244.0,204.0,5,6,258.0,256.0
2023-05-15,Smartwatch,256,6,236,0,138,0,96,0,96.0,138.0,236.0,5,0,233.0,246.0
2023-05-16,Smartwatch,252,7,153,0,244,0,102,0,102.0,244.0,153.0,5,1,256.0,244.0
2023-05-17,Smartwatch,254,2,111,0,203,0,105,0,105.0,203.0,111.0,5,2,252.0,240.0
2023-05-18,Smartwatch,239,3,233,0,195,0,95,0,95.0,195.0,233.0,5,3,254.0,240.0
2023-05-19,Smartwatch,230,4,107,0,165,0,94,0,94.0,165.0,107.0,5,4,239.0,253.0
2023-05-20,Smartwatch,228,5,103,0,144,1,121,0,121.0,100.8,103.0,5,5,230.0,258.0
2023-05-21,Smartwatch,247,3,125,0,221,0,119,0,119.0,221.0,125.0,5,6,228.0,233.0
2023-05-22,Smartwatch,221,5,156,0,176,0,149,0,149.0,176.0,156.0,5,0,247.0,256.0
2023-05-23,Smartwatch,240,3,120,0,195,0,117,0,117.0,195.0,120.0,5,1,221.0,252.0
2023-05-24,Smartwatch,240,4,207,0,157,0,109,0,109.0,157.0,207.0,5,2,240.0,254.0
2023-05-25,Smartwatch,237,5,238,0,219,0,171,1,136.8,219.0,238.0,5,3,240.0,239.0
2023-05-26,Smartwatch,221,2,206,0,130,0,132,0,132.0,130.0,206.0,5,4,237.0,230.0
2023-05-27,Smartwatch,220,7,192,0,191,1,164,1,131.20000000000002,133.7,192.0,5,5,221.0,228.0
2023-05-28,Smartwatch,235,6,109,0,120,0,134,0,134.0,120.0,109.0,5,6,220.0,247.0
2023-05-29,Smartwatch,227,7,189,1,202,0,173,0,173.0,202.0,113.39999999999999,5,0,235.0,221.0
2023-05-30,Smartwatch,214,6,158,1,236,0,143,0,143.0,236.0,94.8,5,1,227.0,240.0
2023-05-31,Smartwatch,239,4,175,0,235,0,95,0,95.0,235.0,175.0,5,2,214.0,240.0
2023-06-01,Smartwatch,219,6,235,0,147,0,167,0,167.0,147.0,235.0,6,3,239.0,237.0
2023-06-02,Smartwatch,237,5,123,0,172,1,173,0,173.0,120.39999999999999,123.0,6,4,219.0,221.0
2023-06-03,Smartwatch,236,5,153,0,158,0,133,1,106.4,158.0,153.0,6,5,237.0,220.0
2023-06-04,Smartwatch,235,5,240,0,225,0,115,0,115.0,225.0,240.0,6,6,236.0,235.0
2023-06-05,Smartwatch,228,7,153,0,226,0,103,0,103.0,226.0,153.0,6,0,235.0,227.0
2023-06-06,Smartwatch,227,5,210,0,150,0,125,1,100.0,150.0,210.0,6,1,228.0,214.0
2023-06-07,Smartwatch,212,3,225,0,134,0,175,0,175.0,134.0,225.0,6,2,227.0,239.0
2023-06-08,Smartwatch,226,2,180,0,198,1,149,0,149.0,138.6,180.0,6,3,212.0,219.0
2023-06-09,Smartwatch,205,3,231,0,192,0,99,0,99.0,192.0,231.0,6,4,226.0,237.0
2023-06-10,Smartwatch,221,4,179,0,138,1,110,0,110.0,96.6,179.0,6,5,205.0,236.0
2023-06-11,Smartwatch,210,4,171,0,136,1,122,0,122.0,95.19999999999999,171.0,6,6,221.0,235.0
2023-06-12,Smartwatch,207,4,132,0,145,1,179,0,179.0,101.5,132.0,6,0,210.0,228.0
2023-06-13,Smartwatch,206,9,247,1,134,1,154,0,154.0,93.8,148.2,6,1,207.0,227.0
2023-06-14,Smartwatch,226,5,181,1,238,0,179,0,179.0,238.0,108.6,6,2,206.0,212.0
2023-06-15,Smartwatch,208,4,119,0,188,0,98,0,98.0,188.0,119.0,6,3,226.0,226.0
2023-06-16,Smartwatch,204,2,195,0,192,0,134,1,107.2,192.0,195.0,6,4,208.0,205.0
2023-06-17,Smartwatch,223,9,222,1,150,0,112,0,112.0,150.0,133.2,6,5,204.0,221.0
2023-06-18,Smartwatch,231,8,172,1,210,0,161,0,161.0,210.0,103.2,6,6,223.0,210.0
2023-06-19,Smartwatch,215,8,210,1,193,0,149,1,119.2,193.0,126.0,6,0,231.0,207.0
2023-06-20,Smartwatch,209,5,146,0,175,0,169,0,169.0,175.0,146.0,6,1,215.0,206.0
2023-06-21,Smartwatch,221,3,181,0,151,0,96,1,76.80000000000001,151.0,181.0,6,2,209.0,226.0
2023-06-22,Smartwatch,213,4,188,0,157,0,98,0,98.0,157.0,188.0,6,3,221.0,208.0
2023-06-23,Smartwatch,230,7,213,0,175,1,136,0,136.0,122.49999999999999,213.0,6,4,213.0,204.0
2023-06-24,Smartwatch,226,5,228,0,121,1,99,0,99.0,84.69999999999999,228.0,6,5,230.0,223.0
2023-06-25,Smartwatch,240,7,134,1,134,0,137,1,109.60000000000001,134.0,80.39999999999999,6,6,226.0,231.0
2023-06-26,Smartwatch,236,6,135,0,180,0,176,0,176.0,180.0,135.0,6,0,240.0,215.0
2023-06-27,Smartwatch,219,7,104,0,180,0,160,0,160.0,180.0,104.0,6,1,236.0,209.0
2023-06-28,Smartwatch,234,6,244,0,136,0,142,0,142.0,136.0,244.0,6,2,219.0,221.0
2023-06-29,Smartwatch,246,5,214,0,199,0,109,0,109.0,199.0,214.0,6,3,234.0,213.0
2023-06-30,Smartwatch,243,4,173,0,185,0,158,0,158.0,185.0,173.0,6,4,246.0,230.0
2023-07-01,Smartwatch,222,3,116,0,176,0,158,0,158.0,176.0,116.0,7,5,243.0,226.0
2023-07-02,Smartwatch,237,6,125,0,150,0,91,0,91.0,150.0,125.0,7,6,222.0,240.0
2023-07-03,Smartwatch,234,5,114,1,226,1,110,0,110.0,158.2,68.39999999999999,7,0,237.0,236.0
2023-07-04,Smartwatch,233,8,215,1,237,0,171,1,136.8,237.0,129.0,7,1,234.0,219.0
2023-07-05,Smartwatch,253,7,163,0,164,0,101,0,101.0,164.0,163.0,7,2,233.0,234.0
2023-07-06,Smartwatch,248,2,236,0,183,0,127,0,127.0,183.0,236.0,7,3,253.0,246.0
2023-07-07,Smartwatch,244,5,198,0,193,0,167,0,167.0,193.0,198.0,7,4,248.0,243.0
2023-07-08,Smartwatch,245,5,161,0,148,0,156,0,156.0,148.0,161.0,7,5,244.0,222.0
2023-07-09,Smartwatch,240,2,101,0,140,1,120,1,96.0,98.0,101.0,7,6,245.0,237.0
2023-07-10,Smartwatch,243,6,199,0,180,0,137,0,137.0,180.0,199.0,7,0,240.0,234.0
2023-07-11,Smartwatch,265,6,248,0,148,0,170,0,170.0,148.0,248.0,7,1,243.0,233.0
2023-07-12,Smartwatch,263,2,224,0,196,0,164,0,164.0,196.0,224.0,7,2,265.0,253.0
2023-07-13,Smartwatch,247,5,248,0,149,0,118,0,118.0,149.0,248.0,7,3,263.0,248.0
2023-07-14,Smartwatch,264,4,124,0,241,1,170,0,170.0,168.7,124.0,7,4,247.0,244.0
2023-07-15,Smartwatch,267,5,158,0,201,1,102,0,102.0,140.7,158.0,7,5,264.0,245.0
2023-07-16,Smartwatch,249,7,219,0,197,0,153,0,153.0,197.0,219.0,7,6,267.0,240.0
2023-07-17,Smartwatch,270,7,192,0,191,0,142,0,142.0,191.0,192.0,7,0,249.0,243.0
2023-07-18,Smartwatch,269,3,193,0,208,0,166,1,132.8,208.0,193.0,7,1,270.0,265.0
2023-07-19,Smartwatch,265,3,227,0,123,0,117,0,117.0,123.0,227.0,7,2,269.0,263.0
2023-07-20,Smartwatch,270,9,209,1,176,1,146,1,116.80000000000001,123.19999999999999,125.39999999999999,7,3,265.0,247.0
2023-07-21,Smartwatch,257,3,119,0,187,0,176,1,140.8,187.0,119.0,7,4,270.0,264.0
2023-07-22,Smartwatch,284,4,209,0,146,0,141,0,141.0,146.0,209.0,7,5,257.0,267.0
2023-07-23,Smartwatch,273,5,181,0,199,1,124,0,124.0,139.29999999999998,181.0,7,6,284.0,249.0
2023-07-24,Smartwatch,266,5,186,0,244,0,122,0,122.0,244.0,186.0,7,0,273.0,270.0
2023-07-25,Smartwatch,266,6,180,0,157,0,162,0,162.0,157.0,180.0,7,1,266.0,269.0
2023-07-26,Smartwatch,292,5,188,0,124,0,98,0,98.0,124.0,188.0,7,2,266.0,265.0
2023-07-27,Smartwatch,274,5,176,1,175,0,156,0,156.0,175.0,105.6,7,3,292.0,270.0
2023-07-28,Smartwatch,268,7,131,0,196,0,125,0,125.0,196.0,131.0,7,4,274.0,257.0
2023-07-29,Smartwatch,278,7,231,0,242,0,133,0,133.0,242.0,231.0,7,5,268.0,284.0
2023-07-30,Smartwatch,276,4,208,0,188,0,149,0,149.0,188.0,208.0,7,6,278.0,273.0
2023-07-31,Smartwatch,269,7,193,0,196,0,176,0,176.0,196.0,193.0,7,0,276.0,266.0
2023-08-01,Smartwatch,267,7,210,0,186,0,179,0,179.0,186.0,210.0,8,1,269.0,266.0
2023-08-02,Smartwatch,272,3,214,0,193,0,129,0,129.0,193.0,214.0,8,2,267.0,292.0
2023-08-03,Smartwatch,284,2,214,0,210,0,154,1,123.2,210.0,214.0,8,3,272.0,274.0
2023-08-04,Smartwatch,291,9,214,1,179,0,107,0,107.0,179.0,128.4,8,4,284.0,268.0
2023-08-05,Smartwatch,276,4,203,0,120,0,155,0,155.0,120.0,203.0,8,5,291.0,278.0
2023-08-06,Smartwatch,271,7,124,0,205,0,131,0,131.0,205.0,124.0,8,6,276.0,276.0
2023-08-07,Smartwatch,289,4,204,0,143,0,94,0,94.0,143.0,204.0,8,0,271.0,269.0
2023-08-08,Smartwatch,276,5,215,0,195,0,147,0,147.0,195.0,215.0,8,1,289.0,267.0
2023-08-09,Smartwatch,277,2,206,0,199,0,97,0,97.0,199.0,206.0,8,2,276.0,272.0
2023-08-10,Smartwatch,266,6,154,1,181,0,101,0,101.0,181.0,92.39999999999999,8,3,277.0,284.0
2023-08-11,Smartwatch,277,5,189,0,144,0,151,0,151.0,144.0,189.0,8,4,266.0,291.0
2023-08-12,Smartwatch,271,6,210,0,123,0,179,0,179.0,123.0,210.0,8,5,277.0,276.0
2023-08-13,Smartwatch,264,2,177,0,196,0,179,0,179.0,196.0,177.0,8,6,271.0,271.0
2023-08-14,Smartwatch,281,7,157,0,234,0,154,0,154.0,234.0,157.0,8,0,264.0,289.0
2023-08-15,Smartwatch,261,8,218,1,137,0,90,0,90.0,137.0,130.79999999999998,8,1,281.0,276.0
2023-08-16,Smartwatch,264,4,149,0,203,0,91,0,91.0,203.0,149.0,8,2,261.0,277.0
2023-08-17,Smartwatch,267,6,189,0,132,0,133,0,133.0,132.0,189.0,8,3,264.0,266.0
2023-08-18,Smartwatch,274,7,245,0,134,1,111,0,111.0,93.8,245.0,8,4,267.0,277.0
2023-08-19,Smartwatch,265,3,195,0,151,0,136,0,136.0,151.0,195.0,8,5,274.0,271.0
2023-08-20,Smartwatch,265,6,134,0,229,0,99,0,99.0,229.0,134.0,8,6,265.0,264.0
2023-08-21,Smartwatch,268,2,122,0,150,0,151,0,151.0,150.0,122.0,8,0,265.0,281.0
2023-08-22,Smartwatch,276,2,124,0,154,1,95,0,95.0,107.8,124.0,8,1,268.0,261.0
2023-08-23,Smartwatch,256,2,141,0,246,0,132,0,132.0,246.0,141.0,8,2,276.0,264.0
2023-08-24,Smartwatch,272,3,175,0,120,0,107,0,107.0,120.0,175.0,8,3,256.0,267.0
2023-08-25,Smartwatch,251,5,162,1,170,0,149,0,149.0,170.0,97.2,8,4,272.0,274.0
2023-08-26,Smartwatch,276,5,224,0,198,0,157,0,157.0,198.0,224.0,8,5,251.0,265.0
2023-08-27,Smartwatch,262,7,162,0,174,0,129,0,129.0,174.0,162.0,8,6,276.0,265.0
2023-08-28,Smartwatch,249,7,210,0,143,0,155,0,155.0,143.0,210.0,8,0,262.0,268.0
2023-08-29,Smartwatch,272,7,174,0,234,0,107,0,107.0,234.0,174.0,8,1,249.0,276.0
2023-08-30,Smartwatch,269,9,182,1,246,0,176,0,176.0,246.0,109.2,8,2,272.0,256.0
2023-08-31,Smartwatch,252,3,210,0,148,0,110,0,110.0,148.0,210.0,8,3,269.0,272.0
2023-09-01,Smartwatch,257,4,111,0,136,1,102,1,81.60000000000001,95.19999999999999,111.0,9,4,252.0,251.0
2023-09-02,Smartwatch,251,3,141,0,123,1,157,0,157.0,86.1,141.0,9,5,257.0,276.0
2023-09-03,Smartwatch,257,5,175,1,148,0,123,0,123.0,148.0,105.0,9,6,251.0,262.0
2023-09-04,Smartwatch,259,7,128,0,227,0,130,0,130.0,227.0,128.0,9,0,257.0,249.0
2023-09-05,Smartwatch,245,10,135,1,233,1,139,0,139.0,163.1,81.0,9,1,259.0,272.0
2023-09-06,Smartwatch,243,4,248,0,151,1,141,0,141.0,105.69999999999999,248.0,9,2,245.0,269.0
2023-09-07,Smartwatch,235,6,104,1,123,1,97,0,97.0,86.1,62.4,9,3,243.0,252.0
2023-09-08,Smartwatch,244,7,131,0,217,0,177,0,177.0,217.0,131.0,9,4,235.0,257.0
2023-09-09,Smartwatch,234,5,186,0,212,1,116,1,92.80000000000001,148.39999999999998,186.0,9,5,244.0,251.0
2023-09-10,Smartwatch,234,5,169,0,189,0,170,0,170.0,189.0,169.0,9,6,234.0,257.0
2023-09-11,Smartwatch,231,6,240,0,171,0,151,1,120.80000000000001,171.0,240.0,9,0,234.0,259.0
2023-09-12,Smartwatch,238,6,236,0,185,0,113,0,113.0,185.0,236.0,9,1,231.0,245.0
2023-09-13,Smartwatch,252,7,215,0,185,0,110,0,110.0,185.0,215.0,9,2,238.0,243.0
2023-09-14,Smartwatch,258,7,239,0,242,1,137,1,109.60000000000001,169.39999999999998,239.0,9,3,252.0,235.0
2023-09-15,Smartwatch,259,2,106,0,187,0,92,0,92.0,187.0,106.0,9,4,258.0,244.0
2023-09-16,Smartwatch,238,2,113,0,241,0,108,0,108.0,241.0,113.0,9,5,259.0,234.0
2023-09-17,Smartwatch,241,3,163,0,151,0,175,0,175.0,151.0,163.0,9,6,238.0,234.0
2023-09-18,Smartwatch,240,5,103,0,214,0,157,0,157.0,214.0,103.0,9,0,241.0,231.0
2023-09-19,Smartwatch,236,7,220,0,184,1,108,0,108.0,128.79999999999998,220.0,9,1,240.0,238.0
2023-09-20,Smartwatch,246,7,121,0,144,1,155,0,155.0,100.8,121.0,9,2,236.0,252.0
2023-09-21,Smartwatch,260,7,169,0,150,1,164,1,131.20000000000002,105.0,169.0,9,3,246.0,258.0
2023-09-22,Smartwatch,263,2,248,0,137,0,163,0,163.0,137.0,248.0,9,4,260.0,259.0
2023-09-23,Smartwatch,237,3,110,0,175,1,92,1,73.60000000000001,122.49999999999999,110.0,9,5,263.0,238.0
2023-09-24,Smartwatch,256,3,249,0,153,0,131,0,131.0,153.0,249.0,9,6,237.0,241.0
2023-09-25,Smartwatch,241,3,191,0,240,0,139,0,139.0,240.0,191.0,9,0,256.0,240.0
2023-09-26,Smartwatch,242,4,184,0,143,0,177,0,177.0,143.0,184.0,9,1,241.0,236.0
2023-09-27,Smartwatch,257,7,212,0,137,0,163,0,163.0,137.0,212.0,9,2,242.0,246.0
2023-09-28,Smartwatch,267,6,142,0,227,0,112,0,112.0,227.0,142.0,9,3,257.0,260.0
2023-09-29,Smartwatch,255,3,166,0,148,0,110,0,110.0,148.0,166.0,9,4,267.0,263.0
2023-09-30,Smartwatch,269,6,213,0,128,0,124,0,124.0,128.0,213.0,9,5,255.0,237.0
2023-10-01,Smartwatch,274,2,150,0,204,1,96,0,96.0,142.79999999999998,150.0,10,6,269.0,256.0
2023-10-02,Smartwatch,250,3,198,0,160,0,126,0,126.0,160.0,198.0,10,0,274.0,241.0
2023-10-03,Smartwatch,273,7,184,0,138,0,97,1,77.60000000000001,138.0,184.0,10,1,250.0,242.0
2023-10-04,Smartwatch,262,2,248,0,174,0,137,0,137.0,174.0,248.0,10,2,273.0,257.0
2023-10-05,Smartwatch,261,2,208,0,213,0,113,0,113.0,213.0,208.0,10,3,262.0,267.0
2023-10-06,Smartwatch,278,3,124,0,228,0,142,0,142.0,228.0,124.0,10,4,261.0,255.0
2023-10-07,Smartwatch,273,4,245,0,236,1,156,0,156.0,165.2,245.0,10,5,278.0,269.0
2023-10-08,Smartwatch,265,4,124,0,192,0,110,0,110.0,192.0,124.0,10,6,273.0,274.0
2023-10-09,Smartwatch,267,7,195,0,143,0,125,0,125.0,143.0,195.0,10,0,265.0,250.0
2023-10-10,Smartwatch,268,2,208,0,184,0,177,0,177.0,184.0,208.0,10,1,267.0,273.0
2023-10-11,Smartwatch,271,6,208,1,191,0,167,0,167.0,191.0,124.8,10,2,268.0,262.0
2023-10-12,Smartwatch,279,6,111,0,144,0,133,0,133.0,144.0,111.0,10,3,271.0,261.0
2023-10-13,Smartwatch,286,6,202,1,167,1,149,0,149.0,116.89999999999999,121.19999999999999,10,4,279.0,278.0
2023-10-14,Smartwatch,298,5,167,1,163,0,172,0,172.0,163.0,100.2,10,5,286.0,273.0
2023-10-15,Smartwatch,277,5,182,0,170,0,172,0,172.0,170.0,182.0,10,6,298.0,265.0
2023-10-16,Smartwatch,273,4,125,0,247,0,115,0,115.0,247.0,125.0,10,0,277.0,267.0
2023-10-17,Smartwatch,297,8,211,1,199,0,91,1,72.8,199.0,126.6,10,1,273.0,268.0
2023-10-18,Smartwatch,291,5,186,1,216,0,119,0,119.0,216.0,111.6,10,2,297.0,271.0
2023-10-19,Smartwatch,279,8,198,1,174,0,109,0,109.0,174.0,118.8,10,3,291.0,279.0
2023-10-20,Smartwatch,305,4,114,0,166,0,112,0,112.0,166.0,114.0,10,4,279.0,286.0
2023-10-21,Smartwatch,298,5,177,0,241,0,93,0,93.0,241.0,177.0,10,5,305.0,298.0
2023-10-22,Smartwatch,284,6,183,0,198,0,109,0,109.0,198.0,183.0,10,6,298.0,277.0
2023-10-23,Smartwatch,299,3,193,0,190,0,92,0,92.0,190.0,193.0,10,0,284.0,273.0
2023-10-24,Smartwatch,309,10,209,1,195,0,171,0,171.0,195.0,125.39999999999999,10,1,299.0,297.0
2023-10-25,Smartwatch,289,5,169,0,144,1,136,0,136.0,100.8,169.0,10,2,309.0,291.0
2023-10-26,Smartwatch,302,10,129,1,195,0,179,0,179.0,195.0,77.39999999999999,10,3,289.0,279.0
2023-10-27,Smartwatch,310,6,177,0,245,0,124,0,124.0,245.0,177.0,10,4,302.0,305.0
2023-10-28,Smartwatch,298,4,162,0,182,1,102,0,102.0,127.39999999999999,162.0,10,5,310.0,298.0
2023-10-29,Smartwatch,299,3,116,0,121,0,167,0,167.0,121.0,116.0,10,6,298.0,284.0
2023-10-30,Smartwatch,311,10,164,1,168,1,92,1,73.60000000000001,117.6,98.39999999999999,10,0,299.0,299.0
2023-10-31,Smartwatch,300,2,220,0,207,1,157,0,157.0,144.89999999999998,220.0,10,1,311.0,309.0
2023-11-01,Smartwatch,312,6,180,0,145,1,90,0,90.0,101.5,180.0,11,2,300.0,289.0
2023-11-02,Smartwatch,300,3,234,0,166,0,122,0,122.0,166.0,234.0,11,3,312.0,302.0
2023-11-03,Smartwatch,300,7,218,0,122,1,141,0,141.0,85.39999999999999,218.0,11,4,300.0,310.0
2023-11-04,Smartwatch,298,2,160,0,141,1,116,0,116.0,98.69999999999999,160.0,11,5,300.0,298.0
2023-11-05,Smartwatch,302,2,131,0,143,0,175,1,140.0,143.0,131.0,11,6,298.0,299.0
2023-11-06,Smartwatch,314,3,173,0,163,0,165,0,165.0,163.0,173.0,11,0,302.0,311.0
2023-11-07,Smartwatch,303,5,161,0,154,1,99,0,99.0,107.8,161.0,11,1,314.0,300.0
2023-11-08,Smartwatch,305,3,141,0,147,0,107,0,107.0,147.0,141.0,11,2,303.0,312.0
2023-11-09,Smartwatch,314,4,114,0,206,0,106,0,106.0,206.0,114.0,11,3,305.0,300.0
2023-11-10,Smartwatch,309,2,175,0,153,0,147,0,147.0,153.0,175.0,11,4,314.0,300.0
2023-11-11,Smartwatch,308,6,153,0,195,0,95,0,95.0,195.0,153.0,11,5,309.0,298.0
2023-11-12,Smartwatch,322,7,125,0,205,0,125,0,125.0,205.0,125.0,11,6,308.0,302.0
2023-11-13,Smartwatch,293,7,197,0,152,0,114,0,114.0,152.0,197.0,11,0,322.0,314.0
2023-11-14,Smartwatch,312,4,111,0,131,0,103,0,103.0,131.0,111.0,11,1,293.0,303.0
2023-11-15,Smartwatch,321,6,150,0,249,0,163,0,163.0,249.0,150.0,11,2,312.0,305.0
2023-11-16,Smartwatch,297,6,136,0,234,0,94,0,94.0,234.0,136.0,11,3,321.0,314.0
2023-11-17,Smartwatch,316,7,113,0,173,1,158,1,126.4,121.1,113.0,11,4,297.0,309.0
2023-11-18,Smartwatch,292,6,220,0,120,0,177,0,177.0,120.0,220.0,11,5,316.0,308.0
2023-11-19,Smartwatch,316,3,107,0,125,0,115,0,115.0,125.0,107.0,11,6,292.0,322.0
2023-11-20,Smartwatch,291,3,119,0,228,0,149,0,149.0,228.0,119.0,11,0,316.0,293.0
2023-11-21,Smartwatch,309,7,150,0,221,0,164,0,164.0,221.0,150.0,11,1,291.0,312.0
2023-11-22,Smartwatch,284,6,126,1,169,0,153,0,153.0,169.0,75.6,11,2,309.0,321.0
2023-11-23,Smartwatch,311,2,183,0,190,1,95,0,95.0,133.0,183.0,11,3,284.0,297.0
2023-11-24,Smartwatch,285,5,141,0,231,1,169,0,169.0,161.7,141.0,11,4,311.0,316.0
2023-11-25,Smartwatch,306,6,112,0,195,0,162,0,162.0,195.0,112.0,11,5,285.0,292.0
2023-11-26,Smartwatch,301,3,187,0,219,0,161,0,161.0,219.0,187.0,11,6,306.0,316.0
2023-11-27,Smartwatch,277,3,226,0,129,1,165,1,132.0,90.3,226.0,11,0,301.0,291.0
2023-11-28,Smartwatch,305,6,222,0,213,0,178,0,178.0,213.0,222.0,11,1,277.0,309.0
2023-11-29,Smartwatch,278,7,127,0,244,0,152,0,152.0,244.0,127.0,11,2,305.0,284.0
2023-11-30,Smartwatch,294,2,200,0,166,0,143,0,143.0,166.0,200.0,11,3,278.0,311.0
2023-12-01,Smartwatch,273,2,197,0,239,0,166,1,132.8,239.0,197.0,12,4,294.0,285.0
2023-12-02,Smartwatch,280,5,215,0,224,0,165,0,165.0,224.0,215.0,12,5,273.0,306.0
2023-12-03,Smartwatch,273,7,249,0,167,0,93,0,93.0,167.0,249.0,12,6,280.0,301.0
2023-12-04,Smartwatch,294,2,223,0,247,0,133,0,133.0,247.0,223.0,12,0,273.0,277.0
2023-12-05,Smartwatch,276,5,186,0,156,0,165,0,165.0,156.0,186.0,12,1,294.0,305.0
2023-12-06,Smartwatch,266,4,208,0,169,0,151,1,120.80000000000001,169.0,208.0,12,2,276.0,278.0
2023-12-07,Smartwatch,286,7,227,0,141,1,105,0,105.0,98.69999999999999,227.0,12,3,266.0,294.0
2023-12-08,Smartwatch,269,6,139,0,143,0,142,1,113.60000000000001,143.0,139.0,12,4,286.0,273.0
2023-12-09,Smartwatch,275,5,170,1,226,0,98,1,78.4,226.0,102.0,12,5,269.0,280.0
2023-12-10,Smartwatch,276,2,192,0,212,0,130,0,130.0,212.0,192.0,12,6,275.0,273.0
2023-12-11,Smartwatch,264,10,214,1,130,0,164,0,164.0,130.0,128.4,12,0,276.0,294.0
2023-12-12,Smartwatch,273,3,162,0,183,0,144,0,144.0,183.0,162.0,12,1,264.0,276.0
2023-12-13,Smartwatch,283,9,128,1,198,0,142,1,113.60000000000001,198.0,76.8,12,2,273.0,266.0
2023-12-14,Smartwatch,279,2,178,0,221,1,161,0,161.0,154.7,178.0,12,3,283.0,286.0
2023-12-15,Smartwatch,283,4,158,0,170,0,123,0,123.0,170.0,158.0,12,4,279.0,269.0
2023-12-16,Smartwatch,273,5,137,0,138,1,108,0,108.0,96.6,137.0,12,5,283.0,275.0
2023-12-17,Smartwatch,287,5,187,0,127,0,171,0,171.0,127.0,187.0,12,6,273.0,276.0
2023-12-18,Smartwatch,266,5,221,0,127,1,170,1,136.0,88.89999999999999,221.0,12,0,287.0,264.0
2023-12-19,Smartwatch,263,7,200,0,218,1,98,0,98.0,152.6,200.0,12,1,266.0,273.0
2023-12-20,Smartwatch,287,6,187,1,128,1,139,0,139.0,89.6,112.2,12,2,263.0,283.0
2023-12-21,Smartwatch,274,5,139,0,233,0,125,0,125.0,233.0,139.0,12,3,287.0,279.0
2023-12-22,Smartwatch,263,5,191,0,243,0,161,0,161.0,243.0,191.0,12,4,274.0,283.0
2023-12-23,Smartwatch,272,5,112,0,239,0,106,0,106.0,239.0,112.0,12,5,263.0,273.0
2023-12-24,Smartwatch,273,3,166,0,188,0,173,0,173.0,188.0,166.0,12,6,272.0,287.0
2023-12-25,Smartwatch,263,9,190,1,163,1,155,0,155.0,114.1,114.0,12,0,273.0,266.0
2023-12-26,Smartwatch,289,3,232,0,209,0,98,0,98.0,209.0,232.0,12,1,263.0,263.0
2023-12-27,Smartwatch,282,7,201,0,223,0,127,1,101.60000000000001,223.0,201.0,12,2,289.0,287.0
2023-12-28,Smartwatch,283,6,227,0,244,1,94,0,94.0,170.79999999999998,227.0,12,3,282.0,274.0
2023-12-29,Smartwatch,269,6,138,0,166,0,125,0,125.0,166.0,138.0,12,4,283.0,263.0
2023-12-30,Smartwatch,270,5,210,0,242,0,162,0,162.0,242.0,210.0,12,5,269.0,272.0
2023-12-31,Smartwatch,294,8,168,1,170,1,93,0,93.0,118.99999999999999,100.8,12,6,270.0,273.0
2023-01-08,Tablet,144,6,172,0,244,1,117,0,117.0,170.79999999999998,172.0,1,6,140.0,136.0
2023-01-09,Tablet,124,6,151,0,143,0,95,0,95.0,143.0,151.0,1,0,144.0,112.0
2023-01-10,Tablet,131,9,104,1,164,1,101,0,101.0,114.8,62.4,1,1,124.0,121.0
2023-01-11,Tablet,154,2,172,0,130,1,137,0,137.0,91.0,172.0,1,2,131.0,128.0
2023-01-12,Tablet,143,3,223,0,178,0,163,1,130.4,178.0,223.0,1,3,154.0,136.0
2023-01-13,Tablet,144,7,192,0,151,0,160,0,160.0,151.0,192.0,1,4,143.0,128.0
2023-01-14,Tablet,158,5,112,1,184,0,167,1,133.6,184.0,67.2,1,5,144.0,140.0
2023-01-15,Tablet,150,9,138,1,141,0,156,0,156.0,141.0,82.8,1,6,158.0,144.0
2023-01-16,Tablet,147,3,187,0,192,0,108,0,108.0,192.0,187.0,1,0,150.0,124.0
2023-01-17,Tablet,157,3,167,0,242,1,143,1,114.4,169.39999999999998,167.0,1,1,147.0,131.0
2023-01-18,Tablet,155,9,224,1,200,1,122,0,122.0,140.0,134.4,1,2,157.0,154.0
2023-01-19,Tablet,147,9,174,1,239,0,140,0,140.0,239.0,104.39999999999999,1,3,155.0,143.0
2023-01-20,Tablet,162,2,230,0,183,0,113,0,113.0,183.0,230.0,1,4,147.0,144.0
2023-01-21,Tablet,155,2,244,0,211,0,159,0,159.0,211.0,244.0,1,5,162.0,158.0
2023-01-22,Tablet,153,5,116,1,186,0,133,0,133.0,186.0,69.6,1,6,155.0,150.0
2023-01-23,Tablet,141,6,117,0,163,0,157,0,157.0,163.0,117.0,1,0,153.0,147.0
2023-01-24,Tablet,149,4,187,0,196,1,145,0,145.0,137.2,187.0,1,1,141.0,157.0
2023-01-25,Tablet,167,7,202,0,237,0,108,0,108.0,237.0,202.0,1,2,149.0,155.0
2023-01-26,Tablet,147,7,172,0,130,0,100,1,80.0,130.0,172.0,1,3,167.0,147.0
2023-01-27,Tablet,157,7,157,0,127,1,101,0,101.0,88.89999999999999,157.0,1,4,147.0,162.0
2023-01-28,Tablet,150,6,246,1,159,0,114,0,114.0,159.0,147.6,1,5,157.0,155.0
2023-01-29,Tablet,147,4,230,0,142,0,92,0,92.0,142.0,230.0,1,6,150.0,153.0
2023-01-30,Tablet,145,5,207,0,226,0,112,0,112.0,226.0,207.0,1,0,147.0,141.0
2023-01-31,Tablet,165,4,214,0,165,1,131,0,131.0,115.49999999999999,214.0,1,1,145.0,149.0
2023-02-01,Tablet,151,7,177,0,125,0,129,0,129.0,125.0,177.0,2,2,165.0,167.0
2023-02-02,Tablet,156,7,244,0,249,1,100,0,100.0,174.29999999999998,244.0,2,3,151.0,147.0
2023-02-03,Tablet,155,7,179,0,192,0,116,0,116.0,192.0,179.0,2,4,156.0,157.0
2023-02-04,Tablet,161,6,148,0,131,0,102,0,102.0,131.0,148.0,2,5,155.0,150.0
2023-02-05,Tablet,149,9,100,1,179,0,136,0,136.0,179.0,60.0,2,6,161.0,147.0
2023-02-06,Tablet,149,7,137,1,148,0,110,0,110.0,148.0,82.2,2,0,149.0,145.0
2023-02-07,Tablet,153,7,133,0,184,0,120,0,120.0,184.0,133.0,2,1,149.0,165.0
2023-02-08,Tablet,136,5,246,1,165,1,126,0,126.0,115.49999999999999,147.6,2,2,153.0,151.0
2023-02-09,Tablet,133,5,176,1,234,1,178,0,178.0,163.79999999999998,105.6,2,3,136.0,156.0
2023-02-10,Tablet,141,10,153,1,140,0,149,0,149.0,140.0,91.8,2,4,133.0,155.0
2023-02-11,Tablet,153,3,110,0,186,0,118,0,118.0,186.0,110.0,2,5,141.0,161.0
2023-02-12,Tablet,146,6,143,0,141,0,179,0,179.0,141.0,143.0,2,6,153.0,149.0
2023-02-13,Tablet,152,8,150,1,158,1,172,1,137.6,110.6,90.0,2,0,146.0,149.0
2023-02-14,Tablet,145,3,245,0,193,1,176,0,176.0,135.1,245.0,2,1,152.0,153.0
2023-02-15,Tablet,127,8,217,1,133,0,148,0,148.0,133.0,130.2,2,2,145.0,136.0
2023-02-16,Tablet,142,3,221,0,196,1,168,0,168.0,137.2,221.0,2,3,127.0,133.0
2023-02-17,Tablet,143,5,168,0,220,0,106,0,106.0,220.0,168.0,2,4,142.0,141.0
2023-02-18,Tablet,134,7,101,0,135,0,100,0,100.0,135.0,101.0,2,5,143.0,153.0
2023-02-19,Tablet,142,3,131,0,185,0,158,0,158.0,185.0,131.0,2,6,134.0,146.0
2023-02-20,Tablet,123,3,104,0,145,1,103,0,103.0,101.5,104.0,2,0,142.0,152.0
2023-02-21,Tablet,127,6,201,1,143,1,161,0,161.0,100.1,120.6,2,1,123.0,145.0
2023-02-22,Tablet,134,7,220,0,183,0,105,0,105.0,183.0,220.0,2,2,127.0,127.0
2023-02-23,Tablet,122,5,164,0,134,0,145,0,145.0,134.0,164.0,2,3,134.0,142.0
2023-02-24,Tablet,137,3,165,0,169,0,137,0,137.0,169.0,165.0,2,4,122.0,143.0
2023-02-25,Tablet,116,6,181,1,169,0,125,0,125.0,169.0,108.6,2,5,137.0,134.0
2023-02-26,Tablet,122,3,124,0,134,0,127,0,127.0,134.0,124.0,2,6,116.0,142.0
2023-02-27,Tablet,133,6,235,0,197,0,151,0,151.0,197.0,235.0,2,0,122.0,123.0
2023-02-28,Tablet,111,7,192,0,125,0,99,0,99.0,125.0,192.0,2,1,133.0,127.0
2023-03-01,Tablet,108,4,236,0,189,0,118,0,118.0,189.0,236.0,3,2,111.0,134.0
2023-03-02,Tablet,128,7,162,0,143,0,133,0,133.0,143.0,162.0,3,3,108.0,122.0
2023-03-03,Tablet,133,7,178,0,147,0,102,0,102.0,147.0,178.0,3,4,128.0,137.0
2023-03-04,Tablet,114,5,216,0,191,0,171,0,171.0,191.0,216.0,3,5,133.0,116.0
2023-03-05,Tablet,114,5,219,1,172,0,169,1,135.20000000000002,172.0,131.4,3,6,114.0,122.0
2023-03-06,Tablet,120,5,178,1,202,0,146,0,146.0,202.0,106.8,3,0,114.0,133.0
2023-03-07,Tablet,117,9,157,1,234,0,159,0,159.0,234.0,94.2,3,1,120.0,111.0
2023-03-08,Tablet,114,3,137,0,199,0,137,0,137.0,199.0,137.0,3,2,117.0,108.0
2023-03-09,Tablet,110,2,221,0,121,0,122,0,122.0,121.0,221.0,3,3,114.0,128.0
2023-03-10,Tablet,111,2,245,0,216,1,120,0,120.0,151.2,245.0,3,4,110.0,133.0
2023-03-11,Tablet,127,6,131,1,245,0,161,0,161.0,245.0,78.6,3,5,111.0,114.0
2023-03-12,Tablet,114,4,185,0,165,0,151,0,151.0,165.0,185.0,3,6,127.0,114.0
2023-03-13,Tablet,119,7,196,0,215,0,115,0,115.0,215.0,196.0,3,0,114.0,120.0
2023-03-14,Tablet,131,8,104,1,204,0,111,0,111.0,204.0,62.4,3,1,119.0,117.0
2023-03-15,Tablet,109,6,236,0,232,0,157,0,157.0,232.0,236.0,3,2,131.0,114.0
2023-03-16,Tablet,110,9,231,1,175,0,127,0,127.0,175.0,138.6,3,3,109.0,110.0
2023-03-17,Tablet,118,6,119,0,141,0,90,0,90.0,141.0,119.0,3,4,110.0,111.0
2023-03-18,Tablet,118,5,159,0,209,0,141,0,141.0,209.0,159.0,3,5,118.0,127.0
2023-03-19,Tablet,114,2,245,0,152,1,145,0,145.0,106.39999999999999,245.0,3,6,118.0,114.0
2023-03-20,Tablet,117,7,223,0,241,1,97,0,97.0,168.7,223.0,3,0,114.0,119.0
2023-03-21,Tablet,117,2,208,0,156,1,116,0,116.0,109.19999999999999,208.0,3,1,117.0,131.0
2023-03-22,Tablet,127,5,225,0,225,0,175,0,175.0,225.0,225.0,3,2,117.0,109.0
2023-03-23,Tablet,137,5,135,1,224,0,94,0,94.0,224.0,81.0,3,3,127.0,110.0
2023-03-24,Tablet,138,10,143,1,235,0,170,1,136.0,235.0,85.8,3,4,137.0,118.0
2023-03-25,Tablet,115,6,219,0,211,0,96,0,96.0,211.0,219.0,3,5,138.0,118.0
2023-03-26,Tablet,120,2,216,0,194,0,127,0,127.0,194.0,216.0,3,6,115.0,114.0
2023-03-27,Tablet,146,3,197,0,175,0,136,0,136.0,175.0,197.0,3,0,120.0,117.0
2023-03-28,Tablet,123,10,158,1,164,0,132,0,132.0,164.0,94.8,3,1,146.0,117.0
2023-03-29,Tablet,126,8,113,1,223,0,146,0,146.0,223.0,67.8,3,2,123.0,127.0
2023-03-30,Tablet,141,7,122,0,158,0,149,1,119.2,158.0,122.0,3,3,126.0,137.0
2023-03-31,Tablet,132,10,203,1,143,0,91,0,91.0,143.0,121.8,3,4,141.0,138.0
2023-04-01,Tablet,142,6,223,0,142,0,132,0,132.0,142.0,223.0,4,5,132.0,115.0
2023-04-02,Tablet,140,6,120,0,134,0,148,0,148.0,134.0,120.0,4,6,142.0,120.0
2023-04-03,Tablet,130,6,225,1,243,1,92,0,92.0,170.1,135.0,4,0,140.0,146.0
2023-04-04,Tablet,153,3,230,0,226,1,132,0,132.0,158.2,230.0,4,1,130.0,123.0
2023-04-05,Tablet,153,7,193,1,246,0,90,0,90.0,246.0,115.8,4,2,153.0,126.0
2023-04-06,Tablet,152,4,103,0,150,0,105,0,105.0,150.0,103.0,4,3,153.0,141.0
2023-04-07,Tablet,144,8,176,1,237,0,164,0,164.0,237.0,105.6,4,4,152.0,132.0
2023-04-08,Tablet,164,4,129,0,127,0,144,0,144.0,127.0,129.0,4,5,144.0,142.0
2023-04-09,Tablet,154,8,170,1,196,0,117,0,117.0,196.0,102.0,4,6,164.0,140.0
2023-04-10,Tablet,147,2,219,0,131,0,162,0,162.0,131.0,219.0,4,0,154.0,130.0
2023-04-11,Tablet,149,7,219,0,219,1,111,1,88.80000000000001,153.29999999999998,219.0,4,1,147.0,153.0
2023-04-12,Tablet,153,6,236,0,170,0,138,0,138.0,170.0,236.0,4,2,149.0,153.0
2023-04-13,Tablet,176,4,137,0,158,0,128,0,128.0,158.0,137.0,4,3,153.0,152.0
2023-04-14,Tablet,169,2,171,0,129,0,127,0,127.0,129.0,171.0,4,4,176.0,144.0
2023-04-15,Tablet,181,7,134,0,166,1,113,0,113.0,116.19999999999999,134.0,4,5,169.0,164.0
2023-04-16,Tablet,165,6,161,0,190,0,172,0,172.0,190.0,161.0,4,6,181.0,154.0
2023-04-17,Tablet,177,4,246,0,207,0,155,0,155.0,207.0,246.0,4,0,165.0,147.0
2023-04-18,Tablet,163,5,107,0,143,1,121,0,121.0,100.1,107.0,4,1,177.0,149.0
2023-04-19,Tablet,185,5,183,0,162,0,137,0,137.0,162.0,183.0,4,2,163.0,153.0
2023-04-20,Tablet,169,7,220,0,151,0,131,0,131.0,151.0,220.0,4,3,185.0,176.0
2023-04-21,Tablet,186,5,164,0,171,0,166,0,166.0,171.0,164.0,4,4,169.0,169.0
2023-04-22,Tablet,180,4,218,0,164,0,168,0,168.0,164.0,218.0,4,5,186.0,181.0
2023-04-23,Tablet,169,4,156,0,135,0,132,0,132.0,135.0,156.0,4,6,180.0,165.0
2023-04-24,Tablet,193,4,225,0,149,0,171,0,171.0,149.0,225.0,4,0,169.0,177.0
2023-04-25,Tablet,167,10,219,1,152,0,152,0,152.0,152.0,131.4,4,1,193.0,163.0
2023-04-26,Tablet,178,7,221,0,188,0,116,1,92.80000000000001,188.0,221.0,4,2,167.0,185.0
2023-04-27,Tablet,178,7,167,0,128,0,128,0,128.0,128.0,167.0,4,3,178.0,169.0
2023-04-28,Tablet,184,6,226,0,198,0,179,0,179.0,198.0,226.0,4,4,178.0,186.0
2023-04-29,Tablet,194,3,203,0,201,0,96,1,76.80000000000001,201.0,203.0,4,5,184.0,180.0
2023-04-30,Tablet,196,3,110,0,243,1,156,0,156.0,170.1,110.0,4,6,194.0,169.0
2023-05-01,Tablet,192,6,147,1,134,0,160,0,160.0,134.0,88.2,5,0,196.0,193.0
2023-05-02,Tablet,186,5,234,0,218,0,176,0,176.0,218.0,234.0,5,1,192.0,167.0
2023-05-03,Tablet,194,7,130,0,139,1,175,0,175.0,97.3,130.0,5,2,186.0,178.0
2023-05-04,Tablet,174,2,146,0,213,0,116,0,116.0,213.0,146.0,5,3,194.0,178.0
2023-05-05,Tablet,195,9,227,1,172,0,93,0,93.0,172.0,136.2,5,4,174.0,184.0
2023-05-06,Tablet,174,9,133,1,140,0,137,0,137.0,140.0,79.8,5,5,195.0,194.0
2023-05-07,Tablet,172,6,210,0,209,0,92,0,92.0,209.0,210.0,5,6,174.0,196.0
2023-05-08,Tablet,165,2,112,0,175,1,117,0,117.0,122.49999999999999,112.0,5,0,172.0,192.0
2023-05-09,Tablet,166,3,113,0,150,0,120,0,120.0,150.0,113.0,5,1,165.0,186.0
2023-05-10,Tablet,176,7,133,0,193,0,175,0,175.0,193.0,133.0,5,2,166.0,194.0
2023-05-11,Tablet,190,6,107,1,148,1,110,0,110.0,103.6,64.2,5,3,176.0,174.0
2023-05-12,Tablet,191,7,240,1,144,0,176,0,176.0,144.0,144.0,5,4,190.0,195.0
2023-05-13,Tablet,185,4,112,0,139,0,178,0,178.0,139.0,112.0,5,5,191.0,174.0
2023-05-14,Tablet,187,5,140,0,203,1,109,0,109.0,142.1,140.0,5,6,185.0,172.0
2023-05-15,Tablet,174,10,199,1,158,0,96,0,96.0,158.0,119.39999999999999,5,0,187.0,165.0
2023-05-16,Tablet,181,8,112,1,177,0,102,0,102.0,177.0,67.2,5,1,174.0,166.0
2023-05-17,Tablet,179,3,230,0,122,0,105,0,105.0,122.0,230.0,5,2,181.0,176.0
2023-05-18,Tablet,155,8,126,1,152,1,95,0,95.0,106.39999999999999,75.6,5,3,179.0,190.0
2023-05-19,Tablet,158,5,210,0,134,0,94,0,94.0,134.0,210.0,5,4,155.0,191.0
2023-05-20,Tablet,172,6,178,0,139,0,121,0,121.0,139.0,178.0,5,5,158.0,185.0
2023-05-21,Tablet,156,4,189,0,235,1,119,0,119.0,164.5,189.0,5,6,172.0,187.0
2023-05-22,Tablet,174,5,201,0,230,0,149,0,149.0,230.0,201.0,5,0,156.0,174.0
2023-05-23,Tablet,159,7,114,0,230,0,117,0,117.0,230.0,114.0,5,1,174.0,181.0
2023-05-24,Tablet,159,6,107,0,170,1,109,0,109.0,118.99999999999999,107.0,5,2,159.0,179.0
2023-05-25,Tablet,157,4,189,0,247,1,171,1,136.8,172.89999999999998,189.0,5,3,159.0,155.0
2023-05-26,Tablet,172,9,158,1,131,0,132,0,132.0,131.0,94.8,5,4,157.0,158.0
2023-05-27,Tablet,157,2,183,0,120,0,164,1,131.20000000000002,120.0,183.0,5,5,172.0,172.0
2023-05-28,Tablet,161,2,192,0,152,0,134,0,134.0,152.0,192.0,5,6,157.0,156.0
2023-05-29,Tablet,155,7,198,1,230,0,173,0,173.0,230.0,118.8,5,0,161.0,174.0
2023-05-30,Tablet,160,6,208,1,187,1,143,0,143.0,130.9,124.8,5,1,155.0,159.0
2023-05-31,Tablet,158,4,155,0,222,0,95,0,95.0,222.0,155.0,5,2,160.0,159.0
2023-06-01,Tablet,147,8,242,1,192,1,167,0,167.0,134.39999999999998,145.2,6,3,158.0,157.0
2023-06-02,Tablet,163,4,139,0,189,0,173,0,173.0,189.0,139.0,6,4,147.0,172.0
2023-06-03,Tablet,139,7,156,0,129,1,133,1,106.4,90.3,156.0,6,5,163.0,157.0
2023-06-04,Tablet,137,5,175,0,195,1,115,0,115.0,136.5,175.0,6,6,139.0,161.0
2023-06-05,Tablet,135,7,138,0,176,0,103,0,103.0,176.0,138.0,6,0,137.0,155.0
2023-06-06,Tablet,151,3,116,0,176,0,125,1,100.0,176.0,116.0,6,1,135.0,160.0
2023-06-07,Tablet,151,7,100,1,153,1,175,0,175.0,107.1,60.0,6,2,151.0,158.0
2023-06-08,Tablet,156,5,211,0,237,1,149,0,149.0,165.89999999999998,211.0,6,3,151.0,147.0
2023-06-09,Tablet,148,7,157,0,211,0,99,0,99.0,211.0,157.0,6,4,156.0,163.0
2023-06-10,Tablet,145,6,163,0,162,1,110,0,110.0,113.39999999999999,163.0,6,5,148.0,139.0
2023-06-11,Tablet,139,10,218,1,219,0,122,0,122.0,219.0,130.79999999999998,6,6,145.0,137.0
2023-06-12,Tablet,147,2,177,0,208,0,179,0,179.0,208.0,177.0,6,0,139.0,135.0
2023-06-13,Tablet,144,10,246,1,160,0,154,0,154.0,160.0,147.6,6,1,147.0,151.0
2023-06-14,Tablet,145,3,168,0,202,0,179,0,179.0,202.0,168.0,6,2,144.0,151.0
2023-06-15,Tablet,131,7,121,0,219,0,98,0,98.0,219.0,121.0,6,3,145.0,156.0
2023-06-16,Tablet,151,7,126,0,205,0,134,1,107.2,205.0,126.0,6,4,131.0,148.0
2023-06-17,Tablet,153,4,249,0,129,0,112,0,112.0,129.0,249.0,6,5,151.0,145.0
2023-06-18,Tablet,153,5,182,1,219,0,161,0,161.0,219.0,109.2,6,6,153.0,139.0
2023-06-19,Tablet,135,5,184,0,229,1,149,1,119.2,160.29999999999998,184.0,6,0,153.0,147.0
2023-06-20,Tablet,149,3,138,0,189,1,169,0,169.0,132.29999999999998,138.0,6,1,135.0,144.0
2023-06-21,Tablet,157,4,115,0,188,0,96,1,76.80000000000001,188.0,115.0,6,2,149.0,145.0
2023-06-22,Tablet,160,7,172,1,184,0,98,0,98.0,184.0,103.2,6,3,157.0,131.0
2023-06-23,Tablet,147,3,206,0,191,1,136,0,136.0,133.7,206.0,6,4,160.0,151.0
2023-06-24,Tablet,149,6,206,0,168,0,99,0,99.0,168.0,206.0,6,5,147.0,153.0
2023-06-25,Tablet,148,4,208,0,156,1,137,1,109.60000000000001,109.19999999999999,208.0,6,6,149.0,153.0
2023-06-26,Tablet,156,2,154,0,245,0,176,0,176.0,245.0,154.0,6,0,148.0,135.0
2023-06-27,Tablet,149,4,138,0,165,0,160,0,160.0,165.0,138.0,6,1,156.0,149.0
2023-06-28,Tablet,149,6,145,0,173,0,142,0,142.0,173.0,145.0,6,2,149.0,157.0
2023-06-29,Tablet,156,3,221,0,165,0,109,0,109.0,165.0,221.0,6,3,149.0,160.0
2023-06-30,Tablet,170,5,132,1,219,0,158,0,158.0,219.0,79.2,6,4,156.0,147.0
2023-07-01,Tablet,176,6,138,0,245,0,158,0,158.0,245.0,138.0,7,5,170.0,149.0
2023-07-02,Tablet,171,5,230,1,121,0,91,0,91.0,121.0,138.0,7,6,176.0,148.0
2023-07-03,Tablet,159,2,182,0,245,0,110,0,110.0,245.0,182.0,7,0,171.0,156.0
2023-07-04,Tablet,179,2,203,0,131,0,171,1,136.8,131.0,203.0,7,1,159.0,149.0
2023-07-05,Tablet,183,4,182,0,209,0,101,0,101.0,209.0,182.0,7,2,179.0,149.0
2023-07-06,Tablet,161,4,229,0,163,0,127,0,127.0,163.0,229.0,7,3,183.0,156.0
2023-07-07,Tablet,185,7,138,0,198,0,167,0,167.0,198.0,138.0,7,4,161.0,170.0
2023-07-08,Tablet,169,4,120,0,186,0,156,0,156.0,186.0,120.0,7,5,185.0,176.0
2023-07-09,Tablet,189,5,237,0,204,0,120,1,96.0,204.0,237.0,7,6,169.0,171.0
2023-07-10,Tablet,193,6,248,0,179,1,137,0,137.0,125.3,248.0,7,0,189.0,159.0
2023-07-11,Tablet,185,6,162,0,174,1,170,0,170.0,121.8,162.0,7,1,193.0,179.0
2023-07-12,Tablet,197,3,101,0,193,0,164,0,164.0,193.0,101.0,7,2,185.0,183.0
2023-07-13,Tablet,199,6,112,0,180,1,118,0,118.0,125.99999999999999,112.0,7,3,197.0,161.0
2023-07-14,Tablet,178,9,184,1,240,0,170,0,170.0,240.0,110.39999999999999,7,4,199.0,185.0
2023-07-15,Tablet,184,4,209,0,246,0,102,0,102.0,246.0,209.0,7,5,178.0,169.0
2023-07-16,Tablet,180,4,245,0,225,0,153,0,153.0,225.0,245.0,7,6,184.0,189.0
2023-07-17,Tablet,205,5,242,0,204,0,142,0,142.0,204.0,242.0,7,0,180.0,193.0
2023-07-18,Tablet,202,10,230,1,189,0,166,1,132.8,189.0,138.0,7,1,205.0,185.0
2023-07-19,Tablet,198,7,247,0,240,0,117,0,117.0,240.0,247.0,7,2,202.0,197.0
2023-07-20,Tablet,192,5,107,1,207,1,146,1,116.80000000000001,144.89999999999998,64.2,7,3,198.0,199.0
2023-07-21,Tablet,185,3,170,0,199,0,176,1,140.8,199.0,170.0,7,4,192.0,178.0
2023-07-22,Tablet,207,5,155,0,128,0,141,0,141.0,128.0,155.0,7,5,185.0,184.0
2023-07-23,Tablet,207,5,200,0,160,1,124,0,124.0,112.0,200.0,7,6,207.0,180.0
2023-07-24,Tablet,201,7,198,0,214,1,122,0,122.0,149.79999999999998,198.0,7,0,207.0,205.0
2023-07-25,Tablet,217,2,242,0,182,1,162,0,162.0,127.39999999999999,242.0,7,1,201.0,202.0
2023-07-26,Tablet,206,3,243,0,132,1,98,0,98.0,92.39999999999999,243.0,7,2,217.0,198.0
2023-07-27,Tablet,220,10,231,1,219,0,156,0,156.0,219.0,138.6,7,3,206.0,192.0
2023-07-28,Tablet,205,7,171,0,173,1,125,0,125.0,121.1,171.0,7,4,220.0,185.0
2023-07-29,Tablet,207,7,183,0,121,0,133,0,133.0,121.0,183.0,7,5,205.0,207.0
2023-07-30,Tablet,196,2,157,0,242,1,149,0,149.0,169.39999999999998,157.0,7,6,207.0,207.0
2023-07-31,Tablet,223,6,195,0,156,0,176,0,176.0,156.0,195.0,7,0,196.0,201.0
2023-08-01,Tablet,200,5,156,0,124,0,179,0,179.0,124.0,156.0,8,1,223.0,217.0
2023-08-02,Tablet,212,7,111,0,179,0,129,0,129.0,179.0,111.0,8,2,200.0,206.0
2023-08-03,Tablet,213,6,153,0,124,0,154,1,123.2,124.0,153.0,8,3,212.0,220.0
2023-08-04,Tablet,200,7,127,0,172,0,107,0,107.0,172.0,127.0,8,4,213.0,205.0
2023-08-05,Tablet,209,5,182,0,169,0,155,0,155.0,169.0,182.0,8,5,200.0,207.0
2023-08-06,Tablet,219,5,130,0,226,1,131,0,131.0,158.2,130.0,8,6,209.0,196.0
2023-08-07,Tablet,196,4,126,0,147,0,94,0,94.0,147.0,126.0,8,0,219.0,223.0
2023-08-08,Tablet,204,4,221,0,185,1,147,0,147.0,129.5,221.0,8,1,196.0,200.0
2023-08-09,Tablet,217,2,221,0,189,0,97,0,97.0,189.0,221.0,8,2,204.0,212.0
2023-08-10,Tablet,222,2,160,0,132,0,101,0,101.0,132.0,160.0,8,3,217.0,213.0
2023-08-11,Tablet,210,7,110,0,185,0,151,0,151.0,185.0,110.0,8,4,222.0,200.0
2023-08-12,Tablet,218,5,228,0,244,0,179,0,179.0,244.0,228.0,8,5,210.0,209.0
2023-08-13,Tablet,203,3,240,0,143,0,179,0,179.0,143.0,240.0,8,6,218.0,219.0
2023-08-14,Tablet,194,6,159,0,218,0,154,0,154.0,218.0,159.0,8,0,203.0,196.0
2023-08-15,Tablet,211,2,113,0,226,0,90,0,90.0,226.0,113.0,8,1,194.0,204.0
2023-08-16,Tablet,211,9,224,1,240,0,91,0,91.0,240.0,134.4,8,2,211.0,217.0
2023-08-17,Tablet,187,5,243,0,181,0,133,0,133.0,181.0,243.0,8,3,211.0,222.0
2023-08-18,Tablet,207,6,156,0,161,0,111,0,111.0,161.0,156.0,8,4,187.0,210.0
2023-08-19,Tablet,185,7,131,0,244,0,136,0,136.0,244.0,131.0,8,5,207.0,218.0
2023-08-20,Tablet,200,5,180,0,160,0,99,0,99.0,160.0,180.0,8,6,185.0,203.0
2023-08-21,Tablet,196,3,212,0,136,0,151,0,151.0,136.0,212.0,8,0,200.0,194.0
2023-08-22,Tablet,197,3,157,0,235,0,95,0,95.0,235.0,157.0,8,1,196.0,211.0
2023-08-23,Tablet,189,7,163,0,174,0,132,0,132.0,174.0,163.0,8,2,197.0,211.0
2023-08-24,Tablet,198,5,207,1,134,0,107,0,107.0,134.0,124.19999999999999,8,3,189.0,187.0
2023-08-25,Tablet,202,5,240,0,237,0,149,0,149.0,237.0,240.0,8,4,198.0,207.0
2023-08-26,Tablet,199,7,170,0,228,1,157,0,157.0,159.6,170.0,8,5,202.0,185.0
2023-08-27,Tablet,195,5,128,0,129,0,129,0,129.0,129.0,128.0,8,6,199.0,200.0
2023-08-28,Tablet,199,7,217,0,214,1,155,0,155.0,149.79999999999998,217.0,8,0,195.0,196.0
2023-08-29,Tablet,197,6,104,1,156,1,107,0,107.0,109.19999999999999,62.4,8,1,199.0,197.0
2023-08-30,Tablet,186,7,227,1,160,0,176,0,176.0,160.0,136.2,8,2,197.0,189.0
2023-08-31,Tablet,181,4,218,0,180,0,110,0,110.0,180.0,218.0,8,3,186.0,198.0
2023-09-01,Tablet,168,4,139,0,225,0,102,1,81.60000000000001,225.0,139.0,9,4,181.0,202.0
2023-09-02,Tablet,167,5,124,0,249,1,157,0,157.0,174.29999999999998,124.0,9,5,168.0,199.0
2023-09-03,Tablet,173,3,188,0,142,1,123,0,123.0,99.39999999999999,188.0,9,6,167.0,195.0
2023-09-04,Tablet,166,7,229,0,189,0,130,0,130.0,189.0,229.0,9,0,173.0,199.0
2023-09-05,Tablet,163,3,227,0,126,1,139,0,139.0,88.19999999999999,227.0,9,1,166.0,197.0
2023-09-06,Tablet,183,7,208,1,202,0,141,0,141.0,202.0,124.8,9,2,163.0,186.0
2023-09-07,Tablet,177,5,153,1,142,0,97,0,97.0,142.0,91.8,9,3,183.0,181.0
2023-09-08,Tablet,183,5,182,0,203,0,177,0,177.0,203.0,182.0,9,4,177.0,168.0
2023-09-09,Tablet,165,2,171,0,129,0,116,1,92.80000000000001,129.0,171.0,9,5,183.0,167.0
2023-09-10,Tablet,187,2,180,0,216,0,170,0,170.0,216.0,180.0,9,6,165.0,173.0
2023-09-11,Tablet,175,8,118,1,207,1,151,1,120.80000000000001,144.89999999999998,70.8,9,0,187.0,166.0
2023-09-12,Tablet,163,4,125,0,234,0,113,0,113.0,234.0,125.0,9,1,175.0,163.0
2023-09-13,Tablet,163,4,118,0,141,0,110,0,110.0,141.0,118.0,9,2,163.0,183.0
2023-09-14,Tablet,164,2,239,0,224,0,137,1,109.60000000000001,224.0,239.0,9,3,163.0,177.0
2023-09-15,Tablet,161,7,103,0,205,0,92,0,92.0,205.0,103.0,9,4,164.0,183.0
2023-09-16,Tablet,179,2,153,0,181,1,108,0,108.0,126.69999999999999,153.0,9,5,161.0,165.0
2023-09-17,Tablet,181,6,163,0,223,1,175,0,175.0,156.1,163.0,9,6,179.0,187.0
2023-09-18,Tablet,164,5,100,0,138,0,157,0,157.0,138.0,100.0,9,0,181.0,175.0
2023-09-19,Tablet,180,4,142,0,218,1,108,0,108.0,152.6,142.0,9,1,164.0,163.0
2023-09-20,Tablet,165,6,138,1,170,0,155,0,155.0,170.0,82.8,9,2,180.0,163.0
2023-09-21,Tablet,170,3,186,0,241,0,164,1,131.20000000000002,241.0,186.0,9,3,165.0,164.0
2023-09-22,Tablet,171,5,217,0,242,0,163,0,163.0,242.0,217.0,9,4,170.0,161.0
2023-09-23,Tablet,181,3,207,0,247,0,92,1,73.60000000000001,247.0,207.0,9,5,171.0,179.0
2023-09-24,Tablet,180,7,218,0,161,1,131,0,131.0,112.69999999999999,218.0,9,6,181.0,181.0
2023-09-25,Tablet,185,4,210,0,207,0,139,0,139.0,207.0,210.0,9,0,180.0,164.0
2023-09-26,Tablet,179,3,183,0,200,0,177,0,177.0,200.0,183.0,9,1,185.0,180.0
2023-09-27,Tablet,175,6,100,0,243,1,163,0,163.0,170.1,100.0,9,2,179.0,165.0
2023-09-28,Tablet,182,7,124,0,178,0,112,0,112.0,178.0,124.0,9,3,175.0,170.0
2023-09-29,Tablet,170,5,167,0,241,0,110,0,110.0,241.0,167.0,9,4,182.0,171.0
2023-09-30,Tablet,190,3,165,0,216,0,124,0,124.0,216.0,165.0,9,5,170.0,181.0
2023-10-01,Tablet,185,10,144,1,161,0,96,0,96.0,161.0,86.39999999999999,10,6,190.0,180.0
2023-10-02,Tablet,187,5,225,0,173,0,126,0,126.0,173.0,225.0,10,0,185.0,185.0
2023-10-03,Tablet,180,4,145,0,163,0,97,1,77.60000000000001,163.0,145.0,10,1,187.0,179.0
2023-10-04,Tablet,207,4,245,0,241,1,137,0,137.0,168.7,245.0,10,2,180.0,175.0
2023-10-05,Tablet,180,8,190,1,128,0,113,0,113.0,128.0,114.0,10,3,207.0,182.0
2023-10-06,Tablet,198,8,244,1,188,1,142,0,142.0,131.6,146.4,10,4,180.0,170.0
2023-10-07,Tablet,191,4,216,0,167,0,156,0,156.0,167.0,216.0,10,5,198.0,190.0
2023-10-08,Tablet,187,2,243,0,135,0,110,0,110.0,135.0,243.0,10,6,191.0,185.0
2023-10-09,Tablet,215,6,233,0,178,0,125,0,125.0,178.0,233.0,10,0,187.0,187.0
2023-10-10,Tablet,197,2,114,0,190,0,177,0,177.0,190.0,114.0,10,1,215.0,180.0
2023-10-11,Tablet,198,6,192,1,146,0,167,0,167.0,146.0,115.19999999999999,10,2,197.0,207.0
2023-10-12,Tablet,219,6,240,1,211,0,133,0,133.0,211.0,144.0,10,3,198.0,180.0
2023-10-13,Tablet,221,5,229,0,221,0,149,0,149.0,221.0,229.0,10,4,219.0,198.0
2023-10-14,Tablet,199,7,210,0,157,0,172,0,172.0,157.0,210.0,10,5,221.0,191.0
2023-10-15,Tablet,221,7,171,0,242,0,172,0,172.0,242.0,171.0,10,6,199.0,187.0
2023-10-16,Tablet,222,2,180,0,151,1,115,0,115.0,105.69999999999999,180.0,10,0,221.0,215.0
2023-10-17,Tablet,205,7,158,0,163,0,91,1,72.8,163.0,158.0,10,1,222.0,197.0
2023-10-18,Tablet,231,6,203,0,177,0,119,0,119.0,177.0,203.0,10,2,205.0,198.0
2023-10-19,Tablet,224,6,147,0,199,1,109,0,109.0,139.29999999999998,147.0,10,3,231.0,219.0
2023-10-20,Tablet,220,3,178,0,141,0,112,0,112.0,141.0,178.0,10,4,224.0,221.0
2023-10-21,Tablet,210,2,133,0,220,0,93,0,93.0,220.0,133.0,10,5,220.0,199.0
2023-10-22,Tablet,233,6,188,0,122,0,109,0,109.0,122.0,188.0,10,6,210.0,221.0
2023-10-23,Tablet,224,3,231,0,170,0,92,0,92.0,170.0,231.0,10,0,233.0,222.0
2023-10-24,Tablet,219,5,185,0,134,1,171,0,171.0,93.8,185.0,10,1,224.0,205.0
2023-10-25,Tablet,245,5,205,0,123,0,136,0,136.0,123.0,205.0,10,2,219.0,231.0
2023-10-26,Tablet,246,6,178,0,172,0,179,0,179.0,172.0,178.0,10,3,245.0,224.0
2023-10-27,Tablet,244,8,213,1,212,0,124,0,124.0,212.0,127.8,10,4,246.0,220.0
2023-10-28,Tablet,243,2,212,0,224,0,102,0,102.0,224.0,212.0,10,5,244.0,210.0
2023-10-29,Tablet,236,7,211,0,199,0,167,0,167.0,199.0,211.0,10,6,243.0,233.0
2023-10-30,Tablet,236,5,151,1,192,0,92,1,73.60000000000001,192.0,90.6,10,0,236.0,224.0
2023-10-31,Tablet,236,5,173,0,122,0,157,0,157.0,122.0,173.0,10,1,236.0,219.0
2023-11-01,Tablet,244,4,101,0,145,0,90,0,90.0,145.0,101.0,11,2,236.0,245.0
2023-11-02,Tablet,237,3,233,0,193,1,122,0,122.0,135.1,233.0,11,3,244.0,246.0
2023-11-03,Tablet,227,3,196,0,248,1,141,0,141.0,173.6,196.0,11,4,237.0,244.0
2023-11-04,Tablet,244,6,142,1,138,0,116,0,116.0,138.0,85.2,11,5,227.0,243.0
2023-11-05,Tablet,237,3,150,0,230,0,175,1,140.0,230.0,150.0,11,6,244.0,236.0
2023-11-06,Tablet,225,5,121,0,179,0,165,0,165.0,179.0,121.0,11,0,237.0,236.0
2023-11-07,Tablet,234,2,229,0,129,1,99,0,99.0,90.3,229.0,11,1,225.0,236.0
2023-11-08,Tablet,242,6,173,0,142,0,107,0,107.0,142.0,173.0,11,2,234.0,244.0
2023-11-09,Tablet,229,4,207,0,200,0,106,0,106.0,200.0,207.0,11,3,242.0,237.0
2023-11-10,Tablet,228,3,118,0,238,0,147,0,147.0,238.0,118.0,11,4,229.0,227.0
2023-11-11,Tablet,249,7,145,0,209,1,95,0,95.0,146.29999999999998,145.0,11,5,228.0,244.0
2023-11-12,Tablet,223,7,142,0,210,1,125,0,125.0,147.0,142.0,11,6,249.0,237.0
2023-11-13,Tablet,226,8,112,1,225,1,114,0,114.0,157.5,67.2,11,0,223.0,225.0
2023-11-14,Tablet,238,5,119,0,149,1,103,0,103.0,104.3,119.0,11,1,226.0,234.0
2023-11-15,Tablet,221,5,222,0,190,0,163,0,163.0,190.0,222.0,11,2,238.0,242.0
2023-11-16,Tablet,236,4,221,0,134,0,94,0,94.0,134.0,221.0,11,3,221.0,229.0
2023-11-17,Tablet,247,3,224,0,197,1,158,1,126.4,137.89999999999998,224.0,11,4,236.0,228.0
2023-11-18,Tablet,231,5,240,0,240,0,177,0,177.0,240.0,240.0,11,5,247.0,249.0
2023-11-19,Tablet,242,2,226,0,131,0,115,0,115.0,131.0,226.0,11,6,231.0,223.0
2023-11-20,Tablet,232,7,185,0,235,0,149,0,149.0,235.0,185.0,11,0,242.0,226.0
2023-11-21,Tablet,214,7,244,0,124,1,164,0,164.0,86.8,244.0,11,1,232.0,238.0
2023-11-22,Tablet,231,2,195,0,125,0,153,0,153.0,125.0,195.0,11,2,214.0,221.0
2023-11-23,Tablet,235,2,101,0,164,0,95,0,95.0,164.0,101.0,11,3,231.0,236.0
2023-11-24,Tablet,214,7,112,1,143,1,169,0,169.0,100.1,67.2,11,4,235.0,247.0
2023-11-25,Tablet,208,2,235,0,172,0,162,0,162.0,172.0,235.0,11,5,214.0,231.0
2023-11-26,Tablet,230,7,101,0,168,0,161,0,161.0,168.0,101.0,11,6,208.0,242.0
2023-11-27,Tablet,219,6,209,0,240,0,165,1,132.0,240.0,209.0,11,0,230.0,232.0
2023-11-28,Tablet,231,6,184,0,138,0,178,0,178.0,138.0,184.0,11,1,219.0,214.0
2023-11-29,Tablet,232,5,108,1,191,0,152,0,152.0,191.0,64.8,11,2,231.0,231.0
2023-11-30,Tablet,223,8,132,1,178,0,143,0,143.0,178.0,79.2,11,3,232.0,235.0
2023-12-01,Tablet,209,6,179,1,135,0,166,1,132.8,135.0,107.39999999999999,12,4,223.0,214.0
2023-12-02,Tablet,217,6,127,0,235,0,165,0,165.0,235.0,127.0,12,5,209.0,208.0
2023-12-03,Tablet,213,3,189,0,203,0,93,0,93.0,203.0,189.0,12,6,217.0,230.0
2023-12-04,Tablet,200,7,142,1,223,0,133,0,133.0,223.0,85.2,12,0,213.0,219.0
2023-12-05,Tablet,223,6,155,0,208,0,165,0,165.0,208.0,155.0,12,1,200.0,231.0
2023-12-06,Tablet,197,7,199,0,182,0,151,1,120.80000000000001,182.0,199.0,12,2,223.0,232.0
2023-12-07,Tablet,202,6,221,0,176,1,105,0,105.0,123.19999999999999,221.0,12,3,197.0,223.0
2023-12-08,Tablet,215,3,161,0,181,1,142,1,113.60000000000001,126.69999999999999,161.0,12,4,202.0,209.0
2023-12-09,Tablet,207,3,194,0,134,0,98,1,78.4,134.0,194.0,12,5,215.0,217.0
2023-12-10,Tablet,199,9,117,1,184,0,130,0,130.0,184.0,70.2,12,6,207.0,213.0
2023-12-11,Tablet,205,5,208,0,239,0,164,0,164.0,239.0,208.0,12,0,199.0,200.0
2023-12-12,Tablet,216,8,172,1,136,0,144,0,144.0,136.0,103.2,12,1,205.0,223.0
2023-12-13,Tablet,207,6,231,0,177,0,142,1,113.60000000000001,177.0,231.0,12,2,216.0,197.0
2023-12-14,Tablet,211,7,198,1,188,0,161,0,161.0,188.0,118.8,12,3,207.0,202.0
2023-12-15,Tablet,192,2,208,0,229,0,123,0,123.0,229.0,208.0,12,4,211.0,215.0
2023-12-16,Tablet,188,10,170,1,145,0,108,0,108.0,145.0,102.0,12,5,192.0,207.0
2023-12-17,Tablet,192,5,224,0,129,1,171,0,171.0,90.3,224.0,12,6,188.0,199.0
2023-12-18,Tablet,207,6,173,1,219,1,170,1,136.0,153.29999999999998,103.8,12,0,192.0,205.0
2023-12-19,Tablet,188,7,143,0,181,0,98,0,98.0,181.0,143.0,12,1,207.0,216.0
2023-12-20,Tablet,199,6,219,0,227,0,139,0,139.0,227.0,219.0,12,2,188.0,207.0
2023-12-21,Tablet,217,6,153,0,206,0,125,0,125.0,206.0,153.0,12,3,199.0,211.0
2023-12-22,Tablet,198,3,176,0,140,0,161,0,161.0,140.0,176.0,12,4,217.0,192.0
2023-12-23,Tablet,199,5,156,1,247,1,106,0,106.0,172.89999999999998,93.6,12,5,198.0,188.0
2023-12-24,Tablet,204,6,237,0,228,1,173,0,173.0,159.6,237.0,12,6,199.0,192.0
2023-12-25,Tablet,200,2,144,0,167,0,155,0,155.0,167.0,144.0,12,0,204.0,207.0
2023-12-26,Tablet,209,2,151,0,130,0,98,0,98.0,130.0,151.0,12,1,200.0,188.0
2023-12-27,Tablet,206,3,186,0,167,0,127,1,101.60000000000001,167.0,186.0,12,2,209.0,199.0
2023-12-28,Tablet,217,6,190,0,214,0,94,0,94.0,214.0,190.0,12,3,206.0,217.0
2023-12-29,Tablet,216,2,163,0,194,0,125,0,125.0,194.0,163.0,12,4,217.0,198.0
2023-12-30,Tablet,217,7,145,0,212,0,162,0,162.0,212.0,145.0,12,5,216.0,199.0
2023-12-31,Tablet,212,4,229,0,122,0,93,0,93.0,122.0,229.0,12,6,217.0,204.0
